clone_id	junction_aa	v_call	j_call	Score (NLVPMVATV)
31292	CALTSPYYNQGGKLIF	TRAV19*01	TRAJ23*01	-0.08092221169144247
31292	CASGFTGGRNTEAFF	TRBV12-5*01	TRBJ1-1*01	-0.08092221169144247
71	CSVEDGYEQYF	TRBV29-1*01	TRBJ2-7*01	-0.06893272625427778
71	CAGQSNAGGTSYGKLTF	TRAV35*01	TRAJ52*01	-0.06893272625427778
85	CASSQGGQGAPYEQYF	TRBV4-1*01	TRBJ2-7*01	-0.056570266318845534
85	CLVGAGNMLTF	TRAV4*01	TRAJ39*01	-0.056570266318845534
172	CASSRAGTGYNEQFF	TRBV19*01	TRBJ2-1*01	-0.020550029638637196
172	CAYRSVPLNRDDKIIF	TRAV38-2/DV8*01	TRAJ30*01	-0.020550029638637196
182	CAEKRPTDKLIF	TRAV13-2*01	TRAJ34*01	-0.019012867474405937
182	CASSEVGVFEAFF	TRBV2*01	TRBJ1-1*01	-0.019012867474405937
300	CASSLRGGQSYEQYF	TRBV12-4*01	TRBJ2-7*01	-0.0929307897152144
300	CAYRSVPKVSGSRLTF	TRAV38-2/DV8*01	TRAJ53*01	-0.0929307897152144
301	CASSQWDNQPQHF	TRBV4-1*01	TRBJ1-5*01	0.027088343755010423
301	CAVSGNTGKLIF	TRAV20*01	TRAJ37*01	0.027088343755010423
302	CAISEGAPNTEAFF	TRBV10-3*01	TRBJ1-1*01	0.03343508343508344
302	CAASLKTSYDKVIF	TRAV23/DV6*01	TRAJ50*01	0.03343508343508344
519	CASSYGTGDLSYNEQFF	TRBV7-8*01	TRBJ2-1*01	-0.06878595625493888
519	CALLPGSGTASKLTF	TRAV38-1*01	TRAJ44*01	-0.06878595625493888
644	CASSFPVTAITGNTEAFF	TRBV11-2*01	TRBJ1-1*01	0.0321682438304459
644	CAYETGNQFYF	TRAV38-2/DV8*01	TRAJ49*01	0.0321682438304459
703	CASSFPGQGNTQYF	TRBV27*01	TRBJ2-3*01	-0.0034558034558034648
703	CVRITHMDAGYLLTF	TRAV10*01	TRAJ39*01	-0.0034558034558034648
758	CASSVASGQLYGYTF	TRBV9*01	TRBJ1-2*01	-0.06603566547989681
758	CILPLVHAGGTSYGKLTF	TRAV26-2*01	TRAJ52*01	-0.06603566547989681
786	CASSLGRAGYGETQYF	TRBV12-4*01	TRBJ2-5*01	-0.13977411290611935
786	CAMREGLDDMRF	TRAV14/DV4*02	TRAJ43*01	-0.13977411290611935
856	CAHRGSQGNLIF	TRAV12-2*01	TRAJ42*01	-0.10729310066199568
856	CASSPLTGESMSEKLFF	TRBV11-3*01	TRBJ1-4*01	-0.10729310066199568
991	CAFETGNQFYF	TRAV38-2/DV8*01	TRAJ49*01	0.03714099674576511
991	CATSGDTQYF	TRBV24-1*01	TRBJ2-3*01	0.03714099674576511
1009	CADLGSQGNLIF	TRAV5*01	TRAJ42*01	-0.1025919214969536
1009	CASSEGWHSYEQYF	TRBV6-1*01	TRBJ2-7*01	-0.1025919214969536
1012	CATSTGDSNQPQHF	TRBV15*01	TRBJ1-5*01	-0.12813936515037064
1012	CAVRSSGGSYIPTF	TRAV1-2*01	TRAJ6*01	-0.12813936515037064
1014	CASSLESGFLSGYTF	TRBV7-9*01	TRBJ1-2*01	-0.02477522477522478
1014	CAFHGARLMF	TRAV29/DV5*01	TRAJ31*01	-0.02477522477522478
1026	CASSLSGYEQYF	TRBV28*01	TRBJ2-7*01	-0.09887814049420093
1026	CAESKNNNARLMF	TRAV5*01	TRAJ31*01	-0.09887814049420093
1030	CAVLGTQGGSEKLVF	TRAV41*01	TRAJ57*01	-0.06613756613756613
1030	CASSLLWAEYNEQFF	TRBV4-1*01	TRBJ2-1*01	-0.06613756613756613
1047	CASSPGGGASYEQYF	TRBV9*01	TRBJ2-7*01	-0.07527465828979983
1047	CAVRAHSGGGADGLTF	TRAV3*01	TRAJ45*01	-0.07527465828979983
1052	CAFTSGTYKYIF	TRAV38-1*01	TRAJ40*01	-0.12792100487687444
1052	CASSIVQGSNQPQHF	TRBV19*01	TRBJ1-5*01	-0.12792100487687444
1063	CAFMKHRAAGNKLTF	TRAV38-1*01	TRAJ17*01	-0.010702630702630705
1063	CASGGKVFPPYEQYF	TRBV12-5*01	TRBJ2-7*01	-0.010702630702630705
1086	CAEMGGNTPLVF	TRAV5*01	TRAJ29*01	-0.050116678588900815
1086	CASSLTGESYEQYF	TRBV13*01	TRBJ2-7*01	-0.050116678588900815
1128	CATEPNTGFQKLVF	TRAV17*01	TRAJ8*01	0.03582567529935951
1128	CASSQTTPLTYNYEQYF	TRBV19*01	TRBJ2-7*01	0.03582567529935951
1274	CATEGDSGYSTLTF	TRAV17*01	TRAJ11*01	-0.2184708036488738
1274	CASSLQGGNYGYTF	TRBV6-5*01	TRBJ1-2*01	-0.2184708036488738
1294	CAVNGFDMRF	TRAV8-1*01	TRAJ43*01	-0.03919828631682433
1294	CASSQDMGWGTDTQYF	TRBV14*01	TRBJ2-3*01	-0.03919828631682433
1475	CASSWGDYNEQFF	TRBV7-2*01	TRBJ2-1*01	-0.08394953128557653
1475	CAVSLNFGNEKLTF	TRAV41*01	TRAJ48*01	-0.08394953128557653
1525	CASSLEPTANQPQHF	TRBV6-5*01	TRBJ1-5*01	-0.14895076974011273
1525	CAVGGYRGAGSYQLTF	TRAV8-3*01	TRAJ28*01	-0.14895076974011273
1552	CASSTPRGGYTF	TRBV6-3*01	TRBJ1-2*01	-0.0978431290931291
1552	CAVILFYNQGGKLIF	TRAV12-2*01	TRAJ23*01	-0.0978431290931291
1632	CAAKGGSEKLVF	TRAV29/DV5*01	TRAJ57*01	0.04791153211749594
1632	CASSQRRTGPSSTDTQYF	TRBV4-1*01	TRBJ2-3*01	0.04791153211749594
1702	CAVLRMDSSYKLIF	TRAV21*01	TRAJ12*01	-0.12059086238752575
1702	CASTPRRLGLFPSSGNTIYF	TRBV6-6*01	TRBJ1-3*01	-0.12059086238752575
1967	CAEGDNDMRF	TRAV5*01	TRAJ43*01	-0.09686857893950315
1967	CASSLGGGVLFF	TRBV12-3*01	TRBJ1-4*01	-0.09686857893950315
2061	CAISSDSGDEQFF	TRBV10-3*01	TRBJ2-1*01	-0.06385690435480057
2061	CARRDPTGRRALTF	TRAV12-2*01	TRAJ5*01	-0.06385690435480057
4045	CAVNNARLMF	TRAV12-2*01	TRAJ31*01	-0.11123652702478373
4045	CASSQGGGGTDTQYF	TRBV4-3*01	TRBJ2-3*01	-0.11123652702478373
4477	CAISESVNTEAFF	TRBV10-3*01	TRBJ1-1*01	-0.04228234728234728
4477	CAVNRGYQKVTF	TRAV12-2*01	TRAJ13*01	-0.04228234728234728
4716	CAVRDAHNNAGNMLTF	TRAV1-1*01	TRAJ39*01	-0.0652794765110289
4716	CASSVTSSRGGTDTQYF	TRBV9*01	TRBJ2-3*01	-0.0652794765110289
5459	CAVLDSNYQLIW	TRAV1-2*01	TRAJ33*01	-0.14060821535165702
5459	CASKKLAGDSYEQYF	TRBV6-5*01	TRBJ2-7*01	-0.14060821535165702
5867	CAVRGATNKLIF	TRAV20*01	TRAJ32*01	-0.12755098941575796
5867	CASSQEDSWGDTQYF	TRBV14*01	TRBJ2-3*01	-0.12755098941575796
7869	CASSRQNTGELFF	TRBV19*01	TRBJ2-2*01	-0.17994796751341202
7869	CAVCGSNFGNEKLTF	TRAV12-2*01	TRAJ48*01	-0.17994796751341202
8897	CASSQERGGPDTQYF	TRBV4-2*01	TRBJ2-3*01	-0.09396061391838624
8897	CAVRDSNYQLIW	TRAV1-2*01	TRAJ33*01	-0.09396061391838624
14772	CVGRKGSARQLTF	TRAV8-2*01	TRAJ22*01	-0.032113650034303234
14772	CSARDLEVLSYEQYF	TRBV20-1*01	TRBJ2-7*01	-0.032113650034303234
15334	CAGDSGGYQKVTF	TRAV2*01	TRAJ13*01	-0.01503157698951594
15334	CASSAGSFRHPYSNQPQHF	TRBV9*01	TRBJ1-5*01	-0.01503157698951594
18798	CASSPLRGGVTYNEQFF	TRBV5-6*01	TRBJ2-1*01	-0.05301414748419357
18798	CAVVPMYGGSQGNLIF	TRAV8-3*01	TRAJ42*01	-0.05301414748419357
19556	CASSDSLGDRGSYEQYF	TRBV7-9*01	TRBJ2-7*01	-0.03522878876942866
19556	CVVRAGGYNKLIF	TRAV10*01	TRAJ4*01	-0.03522878876942866
20942	CASSFRGPNLYTEAFF	TRBV12-3*01	TRBJ1-1*01	-0.03545751633986928
20942	CAVREEDYKLSF	TRAV1-2*01	TRAJ20*01	-0.03545751633986928
21375	CAVDNFNKFYF	TRAV21*01	TRAJ21*01	-0.13885054015062387
21375	CASSSQGGYGYTF	TRBV7-3*01	TRBJ1-2*01	-0.13885054015062387
21377	CAFTELNSGGSNYKLTF	TRAV38-1*01	TRAJ53*01	0.016402116402116404
21377	CASSLSGGLLRTGELFF	TRBV27*01	TRBJ2-2*01	0.016402116402116404
21378	CVVNTNAGKSTF	TRAV12-1*01	TRAJ27*01	-0.10054262216141777
21378	CASSGRVTGGFYNEQFF	TRBV9*01	TRBJ2-1*01	-0.10054262216141777
21380	CASSLVSPSEQFF	TRBV13*01	TRBJ2-1*01	-0.02094774713822333
21380	CAGPTTSGTYKYIF	TRAV35*01	TRAJ40*01	-0.02094774713822333
21381	CVVSASYNTDKLIF	TRAV10*01	TRAJ34*01	-0.13960392455016113
21381	CASSLFTGTNEQFF	TRBV28*01	TRBJ2-1*01	-0.13960392455016113
21382	CASSLDQGAQDNEQFF	TRBV28*01	TRBJ2-1*01	0.01177587844254511
21382	CAVIDYKLSF	TRAV8-1*01	TRAJ20*01	0.01177587844254511
21383	CAVRGTSGYALNF	TRAV3*01	TRAJ41*01	-0.052116402116402116
21383	CATSFAPGQGEHGYTF	TRBV15*01	TRBJ1-2*01	-0.052116402116402116
21384	CASSTSTGQGWHYGYTF	TRBV28*01	TRBJ1-2*01	-0.04691432682854608
21384	CAMSPLLETGANNLFF	TRAV12-3*01	TRAJ36*01	-0.04691432682854608
21385	CAYFGAQKLVF	TRAV38-1*01	TRAJ54*01	-0.05772070288020523
21385	CASRPSRGTNYGYTF	TRBV6-1*01	TRBJ1-2*01	-0.05772070288020523
21392	CASSQNYEQYF	TRBV7-8*01	TRBJ2-7*01	-0.09655272616102109
21392	CVVSDLYNTDKLIF	TRAV8-2*01	TRAJ34*01	-0.09655272616102109
21398	CALNPFNAGNMLTF	TRAV12-2*01	TRAJ39*01	0.07160639838059193
21398	CSARVGDTGELFF	TRBV20-1*01	TRBJ2-2*01	0.07160639838059193
21408	CAFMQFDMRF	TRAV38-1*01	TRAJ43*01	-0.03391846248989106
21408	CASTPGGYEQYF	TRBV2*01	TRBJ2-7*01	-0.03391846248989106
21438	CASSPGVGTEAFF	TRBV6-2*01	TRBJ1-1*01	-0.04876606007151729
21438	CATDRGTDKLIF	TRAV17*01	TRAJ34*01	-0.04876606007151729
21439	CASSPGASYEQYF	TRBV4-1*01	TRBJ2-7*01	-0.09975663212842241
21439	CAEGDTGRRALTF	TRAV5*01	TRAJ5*01	-0.09975663212842241
21440	CASSLPLGYEQYF	TRBV6-1*01	TRBJ2-7*01	-0.07904256461055943
21440	CAGMDSNYQLIW	TRAV8-3*01	TRAJ33*01	-0.07904256461055943
21441	CASSQDSHSTSTDTQYF	TRBV3-1*01	TRBJ2-3*01	-0.029176841676841682
21441	CALQGWVRGADGLTF	TRAV38-1*01	TRAJ45*01	-0.029176841676841682
21443	CASSLLPEGTGRVSGYTF	TRBV13*01	TRBJ1-2*01	-0.030567975664407134
21443	CAVATDSWGKLQF	TRAV21*01	TRAJ24*01	-0.030567975664407134
21446	CALEVRSSASKIIF	TRAV19*01	TRAJ3*01	-0.09500012363005661
21446	CSANPRTTLYEQYF	TRBV20-1*01	TRBJ2-7*01	-0.09500012363005661
21447	CATSSEDSSNQPQHF	TRBV15*01	TRBJ1-5*01	-0.11192073099182905
21447	CVVRGMDSSYKLIF	TRAV10*01	TRAJ12*01	-0.11192073099182905
21449	CASSLASGSNQPQHF	TRBV7-9*01	TRBJ1-5*01	-0.034256418410678134
21449	CALSESYSGAGSYQLTF	TRAV19*01	TRAJ28*01	-0.034256418410678134
21450	CILRDTVGSQGNLIF	TRAV26-2*01	TRAJ42*01	-0.015808804916459675
21450	CASSESQGDYYGYTF	TRBV7-8*01	TRBJ1-2*01	-0.015808804916459675
21451	CASSPHAGGVDEKLFF	TRBV18*01	TRBJ1-4*01	-0.035528529696955816
21451	CAVYGGATNKLIF	TRAV1-2*01	TRAJ32*01	-0.035528529696955816
21452	CLVGDVEGSQGNLIF	TRAV4*01	TRAJ42*01	-0.018728890157461583
21452	CASSHHSGGIYNEQFF	TRBV6-5*01	TRBJ2-1*01	-0.018728890157461583
21453	CASSLMGGGNTIYF	TRBV2*01	TRBJ1-3*01	-0.08133717005668227
21453	CAANSGNTPLVF	TRAV29/DV5*01	TRAJ29*01	-0.08133717005668227
21458	CASSLGRYNEQFF	TRBV13*01	TRBJ2-1*01	-0.11856472087974623
21458	CGTETNTGNQFYF	TRAV30*01	TRAJ49*01	-0.11856472087974623
21462	CASSYVGNTGELFF	TRBV6-5*01	TRBJ2-2*01	0.029289493575207864
21462	CAVRPTSGGSYIPTF	TRAV21*01	TRAJ6*01	0.029289493575207864
21533	CATDAGPEKLVF	TRAV17*01	TRAJ57*01	0.0038874524168641834
21533	CASRQLAGFYEQYF	TRBV6-6*01	TRBJ2-7*01	0.0038874524168641834
21651	CATSRVKTSGGYEQYF	TRBV15*01	TRBJ2-7*01	0.006560846560846562
21651	CALDMFSGGYNKLIF	TRAV16*01	TRAJ4*01	0.006560846560846562
21663	CAISDPRDSYEQYF	TRBV10-3*01	TRBJ2-7*01	0.00741370915460619
21663	CALSEAGGFGNEKLTF	TRAV19*01	TRAJ48*01	0.00741370915460619
21671	CAILMDSNYQLIW	TRAV21*01	TRAJ33*01	0.03666355431061314
21671	CASSEDGMNTEAFF	TRBV10-2*01	TRBJ1-1*01	0.03666355431061314
21674	CAWSVPLGRREKLFF	TRBV30*01	TRBJ1-4*01	0.035147392290249435
21674	CAYRSAFKLTF	TRAV38-2/DV8*01	TRAJ48*01	0.035147392290249435
21960	CASRPGTASYEQYF	TRBV28*01	TRBJ2-7*01	-0.019135802469135807
21960	CAVSDKNRDDKIIF	TRAV8-6*02	TRAJ30*01	-0.019135802469135807
21963	CASSVVGDEQYF	TRBV9*01	TRBJ2-7*01	-0.017528708472871905
21963	CVAWGGYSSASKIIF	TRAV12-1*01	TRAJ3*01	-0.017528708472871905
22486	CVASGGTGKLIF	TRAV12-1*01	TRAJ37*01	-0.03206205559146736
22486	CATSEAASSWTGELFF	TRBV24-1*01	TRBJ2-2*01	-0.03206205559146736
22560	CVVNGNNNDMRF	TRAV12-1*01	TRAJ43*01	-0.15131193692371575
22560	CASSQGFGANVLTF	TRBV19*01	TRBJ2-6*01	-0.15131193692371575
22565	CAVRALGNAGNMLTF	TRAV3*01	TRAJ39*01	-0.0648989520449268
22565	CASSPNPQGANMDTQYF	TRBV4-3*01	TRBJ2-3*01	-0.0648989520449268
22566	CASSELPAGGTNEQFF	TRBV10-2*01	TRBJ2-1*01	-0.016322085491952888
22566	CAVPDDAGNMLTF	TRAV12-2*01	TRAJ39*01	-0.016322085491952888
22574	CAARPDSNYQLIW	TRAV8-1*01	TRAJ33*01	-0.039665944563706104
22574	CASSQGGDEQFF	TRBV4-2*01	TRBJ2-1*01	-0.039665944563706104
22575	CATDDSGGYQKVTF	TRAV17*01	TRAJ13*01	-0.06169121979526787
22575	CASSGELRGAEKLFF	TRBV12-3*01	TRBJ1-4*01	-0.06169121979526787
22576	CASSYGGEQPQHF	TRBV6-5*01	TRBJ1-5*01	-0.10935539420292545
22576	CAAPGNYGQNFVF	TRAV13-1*01	TRAJ26*01	-0.10935539420292545
22586	CAVTGNQFYF	TRAV6*01	TRAJ49*01	-0.0969237925461945
22586	CSASPGYNEQFF	TRBV20-1*01	TRBJ2-1*01	-0.0969237925461945
22625	CAYRSAGSGGSNYKLTF	TRAV38-2/DV8*01	TRAJ53*01	-0.06186730649272238
22625	CASSLMTNQPQHF	TRBV27*01	TRBJ1-5*01	-0.06186730649272238
22634	CAVNAGNNRKLIW	TRAV1-2*01	TRAJ38*01	0.040378605366476826
22634	CASSLAGTGGRFSYEQYF	TRBV13*01	TRBJ2-7*01	0.040378605366476826
22728	CASSLGDRGRGYGYTF	TRBV5-6*01	TRBJ1-2*01	-0.045338771145222764
22728	CAVSWGYGGATNKLIF	TRAV1-2*01	TRAJ32*01	-0.045338771145222764
25739	CASSQGTISYEQYF	TRBV14*01	TRBJ2-7*01	-0.03309712773998488
25739	CAAADDKIIF	TRAV12-2*01	TRAJ30*01	-0.03309712773998488
25965	CASSPTSAPGLFSGNTIYF	TRBV7-2*01	TRBJ1-3*01	-0.00975093667692411
25965	CAVRSTFGNEKLTF	TRAV41*01	TRAJ48*01	-0.00975093667692411
28804	CASTTYNEQFF	TRBV19*01	TRBJ2-1*01	-0.10047812319833792
28804	CAVEGADGLTF	TRAV36/DV7*01	TRAJ45*01	-0.10047812319833792
28822	CASSLAAGGSYGYTF	TRBV12-3*01	TRBJ1-2*01	0.008201058201058209
28822	CATDADDKIIF	TRAV17*01	TRAJ30*01	0.008201058201058209
28890	CSANDRGRGYNSPLHF	TRBV20-1*01	TRBJ1-6*01	-0.15088717574594568
28890	CAVRSYNTDKLIF	TRAV41*01	TRAJ34*01	-0.15088717574594568
29718	CASSLGPVYEQYF	TRBV5-6*01	TRBJ2-7*01	0.0695970695970696
29718	CALYTGANSKLTF	TRAV19*01	TRAJ56*01	0.0695970695970696
29727	CAASSVATDKLIF	TRAV13-1*01	TRAJ34*01	-0.027336860670194005
29727	CASSESRSGNQPQHF	TRBV6-1*01	TRBJ1-5*01	-0.027336860670194005
29729	CASSHQAGALYNEQFF	TRBV7-9*01	TRBJ2-1*01	-0.014897659366857576
29729	CAFEDSGGSNYKLTF	TRAV38-1*01	TRAJ53*01	-0.014897659366857576
29730	CALTGGSTLGRLYF	TRAV19*01	TRAJ18*01	0.0233016983016983
29730	CASSLNSGHTQYF	TRBV27*01	TRBJ2-3*01	0.0233016983016983
29731	CATGTGGNDYEQYF	TRBV15*01	TRBJ2-7*01	-0.06555983646003787
29731	CALIQGAQKLVF	TRAV16*01	TRAJ54*01	-0.06555983646003787
29732	CATEPRGGYQKVTF	TRAV17*01	TRAJ13*01	-0.07861975111812793
29732	CASSNRGYDEQYF	TRBV9*01	TRBJ2-7*01	-0.07861975111812793
29734	CAVGRTGTYKYIF	TRAV8-3*01	TRAJ40*01	-0.09425751631577053
29734	CASSQYAVRVGDTEAFF	TRBV14*01	TRBJ1-1*01	-0.09425751631577053
29737	CASSFGGGLQETQYF	TRBV12-3*01	TRBJ2-5*01	-0.12243808777323191
29737	CAVSDEGTGGFKTIF	TRAV8-6*01	TRAJ9*01	-0.12243808777323191
29738	CAYRSVDMEYGNKLVF	TRAV38-2/DV8*01	TRAJ47*01	-0.013871099032389355
29738	CASSSTRGWADTQYF	TRBV27*01	TRBJ2-3*01	-0.013871099032389355
30072	CASSLEAVSIHGYTF	TRBV7-2*01	TRBJ1-2*01	-0.10473261330978717
30072	CAAGNYGGSQGNLIF	TRAV29/DV5*01	TRAJ42*01	-0.10473261330978717
30076	CASSWVPPGQGRTGELFF	TRBV27*01	TRBJ2-2*01	-0.11344080559872205
30076	CALDTYNQGGKLIF	TRAV6*01	TRAJ23*01	-0.11344080559872205
30077	CASSKGLAVDYTQYF	TRBV4-2*01	TRBJ2-3*01	0.0191713048855906
30077	CAVTEGPYGGATNKLIF	TRAV8-6*02	TRAJ32*01	0.0191713048855906
30078	CAVQAHDSNYQLIW	TRAV20*01	TRAJ33*01	-0.08132530923198725
30078	CASRRTGVVEKLFF	TRBV4-1*01	TRBJ1-4*01	-0.08132530923198725
30080	CASSLAGYEQYF	TRBV5-1*01	TRBJ2-7*01	-0.011151009569410127
30080	CAVDIRAGNMLTF	TRAV39*01	TRAJ39*01	-0.011151009569410127
30088	CASSVSQGYEQFF	TRBV9*01	TRBJ2-1*01	-0.10514243731533235
30088	CVVNSLKDSSYKLIF	TRAV12-1*01	TRAJ12*01	-0.10514243731533235
30090	CASSLSLGQGAPNYGYTF	TRBV5-4*01	TRBJ1-2*01	-0.06914408342979772
30090	CAEIGNNNARLMF	TRAV5*01	TRAJ31*01	-0.06914408342979772
30091	CAWSVTPGYNEQFF	TRBV30*01	TRBJ2-1*01	-0.037572088217886546
30091	CATRPLGSSNTGKLIF	TRAV17*01	TRAJ37*01	-0.037572088217886546
30095	CASSITDRVHAGANVLTF	TRBV19*01	TRBJ2-6*01	-0.02366108836697072
30095	CAVSDRSGGGADGLTF	TRAV8-6*01	TRAJ45*01	-0.02366108836697072
30112	CASSLYGSRPQHF	TRBV7-9*01	TRBJ1-5*01	-0.07113185857037525
30112	CAMSAMGAQKLVF	TRAV12-3*01	TRAJ54*01	-0.07113185857037525
30116	CAASSWPSGSARQLTF	TRAV23/DV6*01	TRAJ22*01	-0.04599462375406391
30116	CASSQGETQYF	TRBV4-1*01	TRBJ2-5*01	-0.04599462375406391
30139	CAVERGGADGLTF	TRAV22*01	TRAJ45*01	-0.015282865282865286
30139	CASSWREGTDTQYF	TRBV6-5*01	TRBJ2-3*01	-0.015282865282865286
30144	CASSIATGLNQPQHF	TRBV19*01	TRBJ1-5*01	-0.12653901009669452
30144	CAVRADRGSTLGRLYF	TRAV1-1*01	TRAJ18*01	-0.12653901009669452
30154	CASSQGGGVNEQFF	TRBV18*01	TRBJ2-1*01	0.024789562289562292
30154	CALSEGNARLMF	TRAV19*01	TRAJ31*01	0.024789562289562292
30168	CASSLVGYEQYF	TRBV13*01	TRBJ2-7*01	-0.09938804581661725
30168	CALRVNNAGNMLTF	TRAV19*01	TRAJ39*01	-0.09938804581661725
30231	CAMSDRGSTLGRLYF	TRAV12-3*01	TRAJ18*01	0.05932110217824503
30231	CASSLIRDITYEQYF	TRBV27*01	TRBJ2-7*01	0.05932110217824503
30246	CAINKESDSYEQYF	TRBV28*01	TRBJ2-7*01	-0.008383147961311729
30246	CALGSSSGSARQLTF	TRAV17*01	TRAJ22*01	-0.008383147961311729
30403	CAVYDSNYQLIW	TRAV1-2*01	TRAJ33*01	-0.10564118978098719
30403	CASSEALSGGSETQYF	TRBV6-1*01	TRBJ2-5*01	-0.10564118978098719
30755	CAVGAGNQFYF	TRAV8-3*01	TRAJ49*01	0.0302502310035577
30755	CASKHSGTGVLARELFF	TRBV7-9*01	TRBJ2-2*01	0.0302502310035577
30977	CAVDANNDMRF	TRAV39*01	TRAJ43*01	-0.02205942205942206
30977	CASSPSYNEQFF	TRBV12-4*01	TRBJ2-1*01	-0.02205942205942206
30984	CSASSTHSNQPQHF	TRBV20-1*01	TRBJ1-5*01	0.02240288325881507
30984	CLVPSEQAGTALIF	TRAV4*01	TRAJ15*01	0.02240288325881507
30985	CASSLTGGGYEQYF	TRBV28*01	TRBJ2-7*01	0.02135376371327654
30985	CALNDYKLSF	TRAV9-2*01	TRAJ20*01	0.02135376371327654
30988	CASSIAGNNEQFF	TRBV19*01	TRBJ2-1*01	-0.05910967339538768
30988	CAVLVPGNQFYF	TRAV8-4*01	TRAJ49*01	-0.05910967339538768
30989	CASSVGGGGSTDTQYF	TRBV9*01	TRBJ2-3*01	0.024165102122091373
30989	CATEDNAGNMLTF	TRAV17*01	TRAJ39*01	0.024165102122091373
30990	CASSIALSTFQPQHF	TRBV19*01	TRBJ1-5*01	-0.0960269677520392
30990	CAYGDDKIIF	TRAV38-2/DV8*01	TRAJ30*01	-0.0960269677520392
30991	CAGGYNNNDMRF	TRAV27*01	TRAJ43*01	-0.09547629127425122
30991	CASSLGEPQHF	TRBV6-6*01	TRBJ1-5*01	-0.09547629127425122
30993	CAETLNTGFQKLVF	TRAV5*01	TRAJ8*01	-0.02165920499253833
30993	CASRTLRGHVSEAFF	TRBV28*01	TRBJ1-1*01	-0.02165920499253833
30994	CAVDDFSGGTSYGKLTF	TRAV12-2*01	TRAJ52*01	-0.06742992779578144
30994	CASSFPGYGYTF	TRBV28*01	TRBJ1-2*01	-0.06742992779578144
30995	CAVSFFNQAGTALIF	TRAV8-4*01	TRAJ15*01	-0.08215488215488216
30995	CASSKKGLSNEQFF	TRBV12-4*01	TRBJ2-1*01	-0.08215488215488216
30996	CASSLMVNEQYF	TRBV5-6*01	TRBJ2-7*01	0.0029822029822029836
30996	CARNSGGYQKVTF	TRAV24*01	TRAJ13*01	0.0029822029822029836
30997	CVVRDGGYNKLIF	TRAV8-2*01	TRAJ4*01	-0.023902620676814226
30997	CATFTGNTEAFF	TRBV10-3*01	TRBJ1-1*01	-0.023902620676814226
31002	CAGPIGTSYDKVIF	TRAV35*01	TRAJ50*01	0.2637729798858764
31002	CASSSAHYGYTF	TRBV12-4*01	TRBJ1-2*01	0.2637729798858764
31534	CAVMKDSNYQLIW	TRAV8-1*01	TRAJ33*01	-0.11198444602711205
31534	CASSSYRKEKLFF	TRBV19*01	TRBJ1-4*01	-0.11198444602711205
31567	CAISESNDGNEQFF	TRBV10-3*01	TRBJ2-1*01	0.02278757104667401
31567	CVVSDRNFNKFYF	TRAV8-2*01	TRAJ21*01	0.02278757104667401
31595	CASSSQSTGTAGVYEQYF	TRBV28*01	TRBJ2-7*01	-0.05230880230880231
31595	CIVRSPQGSNYKLTF	TRAV26-1*01	TRAJ53*01	-0.05230880230880231
31685	CATDDNYGQNFVF	TRAV17*01	TRAJ26*01	-0.11378706509463296
31685	CASSLGGHGQPQHF	TRBV12-3*01	TRBJ1-5*01	-0.11378706509463296
31700	CAVRDEYGGSQGNLIF	TRAV1-2*01	TRAJ42*01	-0.005812834286867713
31700	CASSFEVRVDTEAFF	TRBV7-9*01	TRBJ1-1*01	-0.005812834286867713
31701	CASWGPGTEGAYEQYF	TRBV27*01	TRBJ2-7*01	-0.07138392967802765
31701	CATKGGGTSYGKLTF	TRAV17*01	TRAJ52*01	-0.07138392967802765
31704	CAGPPRNAGGTSYGKLTF	TRAV35*01	TRAJ52*01	-0.04776576304354082
31704	CASATWGDPNQPQHF	TRBV19*01	TRBJ1-5*01	-0.04776576304354082
31705	CASSLAGGSLSYEQYF	TRBV12-4*01	TRBJ2-7*01	0.04507344507344507
31705	CAVEFYF	TRAV1-1*01	TRAJ21*01	0.04507344507344507
31708	CASSPTSGSRETQYF	TRBV6-2*01	TRBJ2-5*01	-0.0095856524427953
31708	CALSLIIYNQGGKLIF	TRAV19*01	TRAJ23*01	-0.0095856524427953
31712	CASSPGSLGHRASTDTQYF	TRBV6-2*01	TRBJ2-3*01	-0.0985571530730464
31712	CAVSDRGYSTLTF	TRAV8-6*01	TRAJ11*01	-0.0985571530730464
31724	CASSPYPRTGGTDTQYF	TRBV27*01	TRBJ2-3*01	-0.045421245421245426
31724	CAMREGGSAGNQFYF	TRAV14/DV4*01	TRAJ49*01	-0.045421245421245426
31729	CASSDPTGGYETQYF	TRBV12-4*01	TRBJ2-5*01	-0.017083025575107283
31729	CAVNNARLMF	TRAV22*01	TRAJ31*01	-0.017083025575107283
31732	CASSLRQGEYNEQFF	TRBV9*01	TRBJ2-1*01	0.02385762385762386
31732	CVVSAGGNNRLAF	TRAV10*01	TRAJ7*01	0.02385762385762386
31734	CAADNTDKLIF	TRAV29/DV5*01	TRAJ34*01	-0.06877966465634597
31734	CASSTSGETGELFF	TRBV12-4*01	TRBJ2-2*01	-0.06877966465634597
31737	CAPDSWGKLQF	TRAV12-3*01	TRAJ24*01	0.04093915343915344
31737	CASSFGASGSVGELFF	TRBV12-3*01	TRBJ2-2*01	0.04093915343915344
31738	CASSIDLSEGDTNQPQHF	TRBV19*01	TRBJ1-5*01	-0.04631185807656396
31738	CAFMKHIRWSGNQFYF	TRAV38-1*01	TRAJ49*01	-0.04631185807656396
31739	CASRRSLQGARGGYTF	TRBV28*01	TRBJ1-2*01	-0.048544973544973544
31739	CAVRMDSSYKLIF	TRAV21*01	TRAJ12*01	-0.048544973544973544
31740	CASSVDRGAYNEQFF	TRBV7-2*01	TRBJ2-1*01	-0.026141902009702195
31740	CAASYLRISGTYKYIF	TRAV29/DV5*01	TRAJ40*01	-0.026141902009702195
31741	CASSSETGWGTEAFF	TRBV5-1*01	TRBJ1-1*01	-0.025135272896976715
31741	CAHGDARLMF	TRAV38-2/DV8*01	TRAJ31*01	-0.025135272896976715
31744	CAASSSGNTPLVF	TRAV29/DV5*01	TRAJ29*01	0.020748852642385972
31744	CAWSWTDYEQYF	TRBV30*01	TRBJ2-7*01	0.020748852642385972
31745	CAGTSGTYKYIF	TRAV25*01	TRAJ40*01	-0.10953398453398455
31745	CATRERQGWVEAFF	TRBV6-1*01	TRBJ1-1*01	-0.10953398453398455
31749	CASSPGDPSTDTQYF	TRBV5-1*01	TRBJ2-3*01	-0.11116004806480999
31749	CAVRADGDYKLSF	TRAV1-2*01	TRAJ20*01	-0.11116004806480999
31751	CASSLFPGQDRGRDQPQHF	TRBV28*01	TRBJ1-5*01	-0.09077864764139275
31751	CAYRGNRDDKIIF	TRAV38-2/DV8*01	TRAJ30*01	-0.09077864764139275
31753	CVGNAGGTSYGKLTF	TRAV10*01	TRAJ52*01	-0.04117549117549118
31753	CASSPTANEKLFF	TRBV19*01	TRBJ1-4*01	-0.04117549117549118
31754	CAGARGGSQGNLIF	TRAV27*01	TRAJ42*01	-0.06657171137198556
31754	CASSFAGLNYGYTF	TRBV27*01	TRBJ1-2*01	-0.06657171137198556
31756	CAVGVDTGTASKLTF	TRAV8-3*01	TRAJ44*01	0.04763596192167621
31756	CASSPGTDTQYF	TRBV5-1*01	TRBJ2-3*01	0.04763596192167621
31757	CASSPRSSGGRYNEQFF	TRBV18*01	TRBJ2-1*01	-0.052686872874880365
31757	CVVSGYGGSQGNLIF	TRAV8-2*01	TRAJ42*01	-0.052686872874880365
31762	CASSSGEGTEAYNEQFF	TRBV7-9*01	TRBJ2-1*01	-0.08957486111762093
31762	CALRGGTSYGKLTF	TRAV16*01	TRAJ52*01	-0.08957486111762093
31770	CALRQFKAAGNKLTF	TRAV16*01	TRAJ17*01	-0.09989398810335892
31770	CASVYLAGTMDTQYF	TRBV2*01	TRBJ2-3*01	-0.09989398810335892
31772	CALNPQNAGNMLTF	TRAV19*01	TRAJ39*01	0.05388560065979421
31772	CASSLLGYEQYF	TRBV12-3*01	TRBJ2-7*01	0.05388560065979421
31773	CASSLSGGGHTDTQYF	TRBV7-6*01	TRBJ2-3*01	0.025366300366300366
31773	CAVRPAANQAGTALIF	TRAV3*01	TRAJ15*01	0.025366300366300366
31775	CASSPYPSRGSNEQFF	TRBV4-2*01	TRBJ2-1*01	0.020875420875420877
31775	CALRGMTTDSWGKLQF	TRAV6*01	TRAJ24*01	0.020875420875420877
31776	CAMREHSGNTPLVF	TRAV14/DV4*01	TRAJ29*01	-0.019441669441669446
31776	CASSYSSRLQYF	TRBV6-2*01	TRBJ2-7*01	-0.019441669441669446
31779	CAASIQGTYKYIF	TRAV13-1*01	TRAJ40*01	-0.004936831875607386
31779	CASSWTQETQYF	TRBV7-9*01	TRBJ2-5*01	-0.004936831875607386
31780	CASSYFPYDLYEQYF	TRBV6-5*01	TRBJ2-7*01	-0.10431094970245974
31780	CAATDNNAGGTSYGKLTF	TRAV29/DV5*01	TRAJ52*01	-0.10431094970245974
31781	CGADVSGTYKYIF	TRAV34*01	TRAJ40*01	-0.10166493575899571
31781	CASRIGTTNEQYF	TRBV12-3*01	TRBJ2-7*01	-0.10166493575899571
31782	CAASRAMYSGGGADGLTF	TRAV13-1*01	TRAJ45*01	-0.005751391465677179
31782	CASSLEGDPSYEQYF	TRBV13*01	TRBJ2-7*01	-0.005751391465677179
31783	CAENMIPGGGADGLTF	TRAV13-2*01	TRAJ45*01	-0.02944000444000444
31783	CASSLLSGSSYEQYF	TRBV5-5*01	TRBJ2-7*01	-0.02944000444000444
31784	CAESGKAGYALNF	TRAV5*01	TRAJ41*01	-0.03386373835091784
31784	CASSVGVSNQPQHF	TRBV6-2*01	TRBJ1-5*01	-0.03386373835091784
31785	CAGGRHTGNQFYF	TRAV27*01	TRAJ49*01	0.0014711215833725678
31785	CASSDQLLEEWSSYNEQFF	TRBV6-1*01	TRBJ2-1*01	0.0014711215833725678
31789	CAVNPGNYGGATNKLIF	TRAV12-2*01	TRAJ32*01	-0.016465074131612925
31789	CATGTGGGYGYTF	TRBV25-1*01	TRBJ1-2*01	-0.016465074131612925
31790	CSVELSHSYEQYF	TRBV29-1*01	TRBJ2-7*01	0.03042582548913632
31790	CVARPSIYNQGGKLIF	TRAV12-1*01	TRAJ23*01	0.03042582548913632
31799	CATFAASKEQFF	TRBV27*01	TRBJ2-1*01	0.00909090909090909
31799	CVMDSSYKLIF	TRAV12-1*01	TRAJ12*01	0.00909090909090909
31800	CVVSDRGDMRF	TRAV8-2*01	TRAJ43*01	0.027534994524948106
31800	CASSLELAGVDTQYF	TRBV5-1*01	TRBJ2-3*01	0.027534994524948106
31802	CASFDRTQGFSGANVLTF	TRBV5-6*01	TRBJ2-6*01	-0.13197357602006
31802	CAVRSGGYNKLIF	TRAV8-4*01	TRAJ4*01	-0.13197357602006
31803	CAGPQNTGTASKLTF	TRAV27*01	TRAJ44*01	-0.047395706645609256
31803	CASSAHTSGGKNIQYF	TRBV11-2*01	TRBJ2-4*01	-0.047395706645609256
31808	CATSRDWTGSAETQYF	TRBV15*01	TRBJ2-5*01	-0.050693568726355616
31808	CAVKDTDKLIF	TRAV8-1*01	TRAJ34*01	-0.050693568726355616
31810	CAYRSGNQFYF	TRAV38-2/DV8*01	TRAJ49*01	-0.13290473138190687
31810	CASSLGDVQNTEAFF	TRBV7-9*01	TRBJ1-1*01	-0.13290473138190687
31816	CASSIGTGRTHNEQFF	TRBV5-1*01	TRBJ2-1*01	-0.019621310062486536
31816	CVVRHTPLVF	TRAV8-2*01	TRAJ29*01	-0.019621310062486536
31819	CASSLGFNEQYF	TRBV11-1*01	TRBJ2-7*01	-0.02462910006776048
31819	CAAASGYGQNFVF	TRAV1-1*01	TRAJ26*01	-0.02462910006776048
31820	CASSLDGPSGSPHEQYF	TRBV5-1*01	TRBJ2-7*01	-0.04752028493544332
31820	CATAPFYGGATNKLIF	TRAV17*01	TRAJ32*01	-0.04752028493544332
31821	CAVDTGGFKTIF	TRAV12-2*01	TRAJ9*01	-0.11913763923453169
31821	CASSLGGTSTAETQYF	TRBV7-8*01	TRBJ2-5*01	-0.11913763923453169
31822	CASTPGQGASTEAFF	TRBV6-6*01	TRBJ1-1*01	-0.05431690008210404
31822	CAYEGYGGSQGNLIF	TRAV38-2/DV8*01	TRAJ42*01	-0.05431690008210404
31823	CAADNSGGYQKVTF	TRAV21*01	TRAJ13*01	-0.09368673574679345
31823	CSVEIGWGQGDNGDYGYTF	TRBV29-1*01	TRBJ1-2*01	-0.09368673574679345
31827	CASSPQNSYNEQFF	TRBV7-9*01	TRBJ2-1*01	-0.023983423983423985
31827	CVVNMLKTSYDKVIF	TRAV12-1*01	TRAJ50*01	-0.023983423983423985
31828	CAESTSGSARQLTF	TRAV5*01	TRAJ22*01	0.022710622710622713
31828	CASSPPGTPPNYGYTF	TRBV7-9*01	TRBJ1-2*01	0.022710622710622713
31829	CASSLGRTGANTGELFF	TRBV11-2*01	TRBJ2-2*01	-0.07815046505522698
31829	CAFIKNRDDKIIF	TRAV38-1*01	TRAJ30*01	-0.07815046505522698
31832	CAMSQTQGGSEKLVF	TRAV14/DV4*01	TRAJ57*01	-0.12126371633249053
31832	CATSSMGYSNQPQHF	TRBV15*01	TRBJ1-5*01	-0.12126371633249053
31833	CASSAYNEQFF	TRBV27*01	TRBJ2-1*01	-0.07686225663758371
31833	CATGSGYALNF	TRAV17*01	TRAJ41*01	-0.07686225663758371
31835	CAWDSYNQPQHF	TRBV30*01	TRBJ1-5*01	0.049807321312697654
31835	CAVQARGSYIPTF	TRAV20*01	TRAJ6*01	0.049807321312697654
31836	CAVRDTGNAGNMLTF	TRAV1-2*01	TRAJ39*01	0.03245821248097546
31836	CASSLLAVDNEQFF	TRBV5-1*01	TRBJ2-1*01	0.03245821248097546
31839	CVGSNNARLMF	TRAV12-1*01	TRAJ31*01	-0.1261003485572335
31839	CSVEDPDRDGYTF	TRBV29-1*01	TRBJ1-2*01	-0.1261003485572335
31840	CVVPTPQSGGSYIPTF	TRAV12-1*01	TRAJ6*01	-0.025219687719687724
31840	CASSLSYNSPLHF	TRBV7-6*01	TRBJ1-6*01	-0.025219687719687724
31841	CAYRGENQAGTALIF	TRAV38-2/DV8*01	TRAJ15*01	-0.019339167672409664
31841	CASSEFGTFQETQYF	TRBV2*01	TRBJ2-5*01	-0.019339167672409664
31843	CAAFSGFGNEKLTF	TRAV13-1*01	TRAJ48*01	-0.052942458830143195
31843	CASSLGGEQYF	TRBV27*01	TRBJ2-7*01	-0.052942458830143195
31844	CASSIQNTGELFF	TRBV19*01	TRBJ2-2*01	-0.08805768316624404
31844	CAAGDRGSTLGRLYF	TRAV13-1*01	TRAJ18*01	-0.08805768316624404
31845	CAALNNARLMF	TRAV13-1*01	TRAJ31*01	-0.09335044355408194
31845	CSLSGGQHNEQFF	TRBV29-1*01	TRBJ2-1*01	-0.09335044355408194
31846	CAARGNTDKLIF	TRAV23/DV6*01	TRAJ34*01	0.026768878960087113
31846	CSARTGGDGYTF	TRBV20-1*01	TRBJ1-2*01	0.026768878960087113
31847	CAASAGKFYF	TRAV29/DV5*01	TRAJ21*01	-0.02012987012987013
31847	CASSSGRAGITDTQYF	TRBV11-2*01	TRBJ2-3*01	-0.02012987012987013
31848	CASSQGSRPEQYF	TRBV4-2*01	TRBJ2-7*01	-0.0761594492646463
31848	CAASANGNQFYF	TRAV29/DV5*01	TRAJ49*01	-0.0761594492646463
31849	CASSQAGTGFYGYTF	TRBV4-1*01	TRBJ1-2*01	-0.03235222991610586
31849	CAASAPEYGNKLVF	TRAV29/DV5*01	TRAJ47*01	-0.03235222991610586
31850	CAASDNGNQFYF	TRAV29/DV5*01	TRAJ49*01	-0.06752140356036461
31850	CASSQEIGVYGYTF	TRBV14*01	TRBJ1-2*01	-0.06752140356036461
31851	CASSENEQFF	TRBV12-3*01	TRBJ2-1*01	0.024603174603174606
31851	CAASEVPTYKYIF	TRAV29/DV5*01	TRAJ40*01	0.024603174603174606
31854	CASSLAGQENQPQHF	TRBV27*01	TRBJ1-5*01	-0.10791821783622876
31854	CAASSTGAGSYQLTF	TRAV29/DV5*01	TRAJ28*01	-0.10791821783622876
31855	CAASVGTYKYIF	TRAV29/DV5*01	TRAJ40*01	-0.13815500032479808
31855	CASSRTGSSYNEQFF	TRBV27*01	TRBJ2-1*01	-0.13815500032479808
31856	CASSVSQKLFF	TRBV2*01	TRBJ1-4*01	-0.08510525535432138
31856	CAASVGTYKYIF	TRAV29/DV5*01	TRAJ40*01	-0.08510525535432138
31857	CASSQEAREVVYEQYF	TRBV4-2*01	TRBJ2-7*01	-0.03897000435461974
31857	CAASYYLPWLDAGNMLTF	TRAV23/DV6*01	TRAJ39*01	-0.03897000435461974
31858	CASSQDHPGGYEQYF	TRBV4-3*01	TRBJ2-7*01	-0.08307868612016078
31858	CAATMNRDDKIIF	TRAV36/DV7*01	TRAJ30*01	-0.08307868612016078
31861	CAFMGNNDMRF	TRAV38-1*01	TRAJ43*01	-0.013888888888888892
31861	CAISEEVSGGVGANEQFF	TRBV10-3*01	TRBJ2-1*01	-0.013888888888888892
31862	CASSLASTGLTQETQYF	TRBV7-9*01	TRBJ2-5*01	-0.014165464165464168
31862	CAFMKLWGRGNEKLTF	TRAV38-1*01	TRAJ48*01	-0.014165464165464168
31863	CASTLGTEAFF	TRBV19*01	TRBJ1-1*01	-0.012442859423958175
31863	CAFMTLSLTGGFKTIF	TRAV38-1*01	TRAJ9*01	-0.012442859423958175
31865	CASRGEGSYEQYF	TRBV7-2*01	TRBJ2-7*01	-0.05288877788877788
31865	CAGDSSYKLIF	TRAV22*01	TRAJ12*01	-0.05288877788877788
31867	CAGGMNTGFQKLVF	TRAV25*01	TRAJ8*01	-0.14769808701520648
31867	CASSFGGRSTDTQYF	TRBV5-1*01	TRBJ2-3*01	-0.14769808701520648
31868	CASSLDLGVDYGYTF	TRBV7-6*01	TRBJ1-2*01	0.03838885473500858
31868	CAGHDISNSGYALNF	TRAV35*01	TRAJ41*01	0.03838885473500858
31869	CASSQDPPDTQYF	TRBV3-1*01	TRBJ2-3*01	0.011183261183261184
31869	CAGPPDNNLFF	TRAV27*01	TRAJ36*01	0.011183261183261184
31871	CASSQGWGTQPQHF	TRBV3-1*01	TRBJ1-5*01	-0.09665598333587533
31871	CAGRDNYGQNFVF	TRAV25*01	TRAJ26*01	-0.09665598333587533
31872	CAGRGTSYGKLTF	TRAV25*01	TRAJ52*01	-0.03316129908406524
31872	CASFGGTGELFF	TRBV25-1*01	TRBJ2-2*01	-0.03316129908406524
31873	CAGRTGNQFYF	TRAV29/DV5*01	TRAJ49*01	0.05775235439446867
31873	CASSLVPTADVLTF	TRBV12-4*01	TRBJ2-6*01	0.05775235439446867
31874	CSGLLAGTDTQYF	TRBV29-1*01	TRBJ2-3*01	-0.022615039281705954
31874	CAGSPGDNYGQNFVF	TRAV27*01	TRAJ26*01	-0.022615039281705954
31875	CAGSPLRDGGGSNYKLTF	TRAV27*01	TRAJ53*01	-0.11475913363023253
31875	CASSLDRNTEAFF	TRBV28*01	TRBJ1-1*01	-0.11475913363023253
31877	CASSLYSPAHTEAFF	TRBV27*01	TRBJ1-1*01	-0.07005402005402006
31877	CAGVVNNAGNMLTF	TRAV27*01	TRAJ39*01	-0.07005402005402006
31878	CASSTYRQGYNEQFF	TRBV12-4*01	TRBJ2-1*01	-0.09815299669301518
31878	CAIDSGGGADGLTF	TRAV21*01	TRAJ45*01	-0.09815299669301518
31879	CALDAGGTSYGKLTF	TRAV6*01	TRAJ52*01	-0.07635277484378886
31879	CASSIGATEAFF	TRBV19*01	TRBJ1-1*01	-0.07635277484378886
31881	CASSLPGQMIRWDTEAFF	TRBV12-3*01	TRBJ1-1*01	-0.030925656976077145
31881	CALRGLSGSARQLTF	TRAV18*01	TRAJ22*01	-0.030925656976077145
31883	CASSSSDPPGNQPQHF	TRBV7-9*01	TRBJ1-5*01	0.06131946840456501
31883	CALSEAGGSTLGRLYF	TRAV19*01	TRAJ18*01	0.06131946840456501
31886	CASTVFQGSTNEQFF	TRBV27*01	TRBJ2-1*01	0.04277743870982094
31886	CALSGGGSYIPTF	TRAV19*01	TRAJ6*01	0.04277743870982094
31887	CALSGWGDSGGSNYKLTF	TRAV16*01	TRAJ53*01	-0.02760176331604903
31887	CASSVSGPPTGELFF	TRBV9*01	TRBJ2-2*01	-0.02760176331604903
31889	CATSREGAGTEAFF	TRBV15*01	TRBJ1-1*01	-0.0137984237984238
31889	CALSVRVGSGYSTLTF	TRAV19*01	TRAJ11*01	-0.0137984237984238
31891	CAMAFDTGGGADGLTF	TRAV17*01	TRAJ45*01	-0.07642357642357643
31891	CASSAFVETQYF	TRBV28*01	TRBJ2-5*01	-0.07642357642357643
31892	CASSSVAFDSGNTIYF	TRBV5-1*01	TRBJ1-3*01	-0.08248626448708246
31892	CAMGTSYDKVIF	TRAV14/DV4*01	TRAJ50*01	-0.08248626448708246
31894	CASSGTGVTGELFF	TRBV9*01	TRBJ2-2*01	0.07443455183387587
31894	CAMLSDSSYKLIF	TRAV14/DV4*01	TRAJ12*01	0.07443455183387587
31896	CAMREGSGSYQLTF	TRAV14/DV4*01	TRAJ28*01	-0.08886547761228067
31896	CASSIGRSPQHF	TRBV19*01	TRBJ1-5*01	-0.08886547761228067
31898	CASSLGGHGNEQFF	TRBV7-6*01	TRBJ2-1*01	-0.10301469797091176
31898	CAMREVNDYKLSF	TRAV14/DV4*01	TRAJ20*01	-0.10301469797091176
31899	CAMREVSGGSYIPTF	TRAV14/DV4*01	TRAJ6*01	0.05588935815356397
31899	CASTLSTDRGFTGELFF	TRBV19*01	TRBJ2-2*01	0.05588935815356397
31900	CAMRGFYTGTASKLTF	TRAV14/DV4*01	TRAJ44*01	-0.0012540243887775616
31900	CASSQVGDEQFF	TRBV3-1*01	TRBJ2-1*01	-0.0012540243887775616
31901	CAMSASRTDKLIF	TRAV12-3*01	TRAJ34*01	-0.03164883896591214
31901	CASSVTEMGGTEAFF	TRBV9*01	TRBJ1-1*01	-0.03164883896591214
31902	CAPLDSNYQLIW	TRAV1-2*01	TRAJ33*01	-0.12667190296887818
31902	CASSVGADEYYEQYF	TRBV9*01	TRBJ2-7*01	-0.12667190296887818
31906	CATDASRDDKIIF	TRAV17*01	TRAJ30*01	-0.0477602445344381
31906	CASSQGWDEQFF	TRBV4-2*01	TRBJ2-1*01	-0.0477602445344381
31910	CAVCVRNTGFQKLVF	TRAV20*01	TRAJ8*01	-0.07253361930781285
31910	CASSVGMTDYNEQFF	TRBV19*01	TRBJ2-1*01	-0.07253361930781285
31915	CAVGEGGNKLVF	TRAV8-3*01	TRAJ47*01	0.01951987406532861
31915	CASSLRGTGAYGYTF	TRBV13*01	TRBJ1-2*01	0.01951987406532861
31916	CAVKLKGAQKLVF	TRAV21*01	TRAJ54*01	-0.042496392496392504
31916	CASSEVRGPSYNEQFF	TRBV2*01	TRBJ2-1*01	-0.042496392496392504
31921	CAVNGNTGKLIF	TRAV8-1*01	TRAJ37*01	0.03259394926061593
31921	CASSPEGLDNFF	TRBV5-1*01	TRBJ2-1*01	0.03259394926061593
31922	CASSIYGTSGSNEQFF	TRBV19*01	TRBJ2-1*01	-0.10007595453671117
31922	CAVNMFSGGYNKLIF	TRAV12-2*01	TRAJ4*01	-0.10007595453671117
31924	CATSEIQGFSTDTQYF	TRBV24-1*01	TRBJ2-3*01	-0.08053459422080844
31924	CAVNPGDLMDSNYQLIW	TRAV12-2*01	TRAJ33*01	-0.08053459422080844
31927	CAVQEEGVGGGSYIPTF	TRAV20*01	TRAJ6*01	0.01088526578722657
31927	CSVEQRDTGELFF	TRBV29-1*01	TRBJ2-2*01	0.01088526578722657
31928	CASSLGSGQYQETQYF	TRBV12-3*01	TRBJ2-5*01	0.03605149429325254
31928	CAVRASRMDSSYKLIF	TRAV3*01	TRAJ12*01	0.03605149429325254
31929	CSARDLVGLAGDTDTQYF	TRBV20-1*01	TRBJ2-3*01	-0.00671355101883386
31929	CAVRDFSGNTPLVF	TRAV3*01	TRAJ29*01	-0.00671355101883386
31930	CASSSLSEAFF	TRBV27*01	TRBJ1-1*01	0.00172050172050172
31930	CAVRDQDSNSGYALNF	TRAV1-2*01	TRAJ41*01	0.00172050172050172
31933	CAVRSLSNFGNEKLTF	TRAV41*01	TRAJ48*01	-0.09957602812533295
31933	CASSFLSAGGGTDTQYF	TRBV27*01	TRBJ2-3*01	-0.09957602812533295
31935	CASALGAVDTQYF	TRBV6-5*01	TRBJ2-3*01	-0.1279754114100152
31935	CAVSGGSYIPTF	TRAV8-6*01	TRAJ6*01	-0.1279754114100152
31936	CAVSGMNTGFQKLVF	TRAV12-2*01	TRAJ8*01	0.015055594887527663
31936	CASSLFPGQGSDDEQFF	TRBV14*01	TRBJ2-1*01	0.015055594887527663
31937	CAVSKGTSGTYKYIF	TRAV8-4*01	TRAJ40*01	0.03204721204721205
31937	CASSQASNQPQHF	TRBV4-1*01	TRBJ1-5*01	0.03204721204721205
31938	CAVWLISNFGNEKLTF	TRAV20*01	TRAJ48*01	-0.11284548358281077
31938	CASSQVGTGVHEQFF	TRBV4-2*01	TRBJ2-1*01	-0.11284548358281077
31946	CILRDDGGTSYGKLTF	TRAV26-2*01	TRAJ52*01	0.04136752136752137
31946	CASSLLPGNTGELFF	TRBV13*01	TRBJ2-2*01	0.04136752136752137
31948	CASTGGPEGNQPQHF	TRBV7-9*01	TRBJ1-5*01	-0.10406386769914232
31948	CLLIYGGSQGNLIF	TRAV40*01	TRAJ42*01	-0.10406386769914232
31950	CVSPGYTNAGKSTF	TRAV8-2*01	TRAJ27*01	-0.016517058164527643
31950	CASILRAESSYNEQFF	TRBV5-6*01	TRBJ2-1*01	-0.016517058164527643
31954	CVVSDQYNFNKFYF	TRAV8-2*01	TRAJ21*01	-0.1123482455512819
31954	CASSLGTGGTEAFF	TRBV7-3*01	TRBJ1-1*01	-0.1123482455512819
31955	CSVVRGSYNEQFF	TRBV20-1*01	TRBJ2-1*01	0.030070546737213405
31955	CAEEGGGADGLTF	TRAV13-2*01	TRAJ45*01	0.030070546737213405
31956	CASSYRVGRSSYEQYF	TRBV6-5*01	TRBJ2-7*01	-0.024345494559733095
31956	CALHGSSNTGKLIF	TRAV6*01	TRAJ37*01	-0.024345494559733095
31959	CASSLYSGSFYEQYF	TRBV27*01	TRBJ2-7*01	-0.05723118892344771
31959	CAVHSINAGNNRKLIW	TRAV20*01	TRAJ38*01	-0.05723118892344771
31963	CASSEWTGNTEAFF	TRBV5-1*01	TRBJ1-1*01	-0.06934853483714964
31963	CAVRGVTGGGNKLTF	TRAV1-2*01	TRAJ10*01	-0.06934853483714964
31965	CASSQDRAGWIDEQFF	TRBV4-3*01	TRBJ2-1*01	-0.015484515484515486
31965	CLVGVPMDSNYQLIW	TRAV4*01	TRAJ33*01	-0.015484515484515486
31966	CVVSPNSGYALNF	TRAV10*01	TRAJ41*01	-0.03381902851920565
31966	CASSPERGEETQYF	TRBV11-2*01	TRBJ2-5*01	-0.03381902851920565
31967	CASSPPRLGAFF	TRBV2*01	TRBJ1-1*01	-0.11245693430210132
31967	CAGEGSSNTGKLIF	TRAV27*01	TRAJ37*01	-0.11245693430210132
31968	CASSPRTDQETQYF	TRBV6-2*01	TRBJ2-5*01	-0.0236563934271793
31968	CAMKRGTGGFKTIF	TRAV12-3*01	TRAJ9*01	-0.0236563934271793
31969	CAMREGRGDYKLSF	TRAV14/DV4*01	TRAJ20*01	-0.0027472527472527514
31969	CASSLDLTETQYF	TRBV7-6*01	TRBJ2-5*01	-0.0027472527472527514
31970	CAMRKTNDMRF	TRAV14/DV4*01	TRAJ43*01	-0.04025974025974026
31970	CASSLGTSGRAGETQYF	TRBV7-3*01	TRBJ2-5*01	-0.04025974025974026
31971	CASSYLTGADGYTF	TRBV6-2*01	TRBJ1-2*01	-0.031399739224942484
31971	CATDARGTSYGKLTF	TRAV17*01	TRAJ52*01	-0.031399739224942484
31972	CASSLDNQPQHF	TRBV7-9*01	TRBJ1-5*01	-0.0509422680220192
31972	CAVQESMDSNYQLIW	TRAV20*01	TRAJ33*01	-0.0509422680220192
31973	CAYRSAPAGAQKLVF	TRAV38-2/DV8*01	TRAJ54*01	-0.007588641517212946
31973	CASSALTGPNTEAFF	TRBV25-1*01	TRBJ1-1*01	-0.007588641517212946
31975	CAARGDNNDMRF	TRAV29/DV5*01	TRAJ43*01	-0.020763247972224126
31975	CSVDQGSGELFF	TRBV29-1*01	TRBJ2-2*01	-0.020763247972224126
31978	CASSQDSSETQYF	TRBV3-1*01	TRBJ2-5*01	-0.05588013014960664
31978	CAAYRLSGAGSYQLTF	TRAV21*01	TRAJ28*01	-0.05588013014960664
31979	CAESILFSGGYNKLIF	TRAV5*01	TRAJ4*01	-0.06461931139350494
31979	CASSIETGTEITGELFF	TRBV19*01	TRBJ2-2*01	-0.06461931139350494
31980	CASSRVGSPLHF	TRBV6-1*01	TRBJ1-6*01	-0.007412659025562249
31980	CAETNNNNDMRF	TRAV13-2*01	TRAJ43*01	-0.007412659025562249
31981	CASSLARIYTYNEQFF	TRBV7-8*01	TRBJ2-1*01	0.029822029822029826
31981	CAGHATTSGTYKYIF	TRAV27*01	TRAJ40*01	0.029822029822029826
31982	CAISERDFQETQYF	TRBV10-3*01	TRBJ2-5*01	-0.06380193880193881
31982	CAGLGTGRRALTF	TRAV3*01	TRAJ5*01	-0.06380193880193881
31985	CASLDRVGGYTF	TRBV5-6*01	TRBJ1-2*01	-0.1054421768707483
31985	CAGQLVTDKLIF	TRAV35*01	TRAJ34*01	-0.1054421768707483
31986	CASSTYRGQPQHF	TRBV28*01	TRBJ1-5*01	-0.039967084450229985
31986	CAMREASASGGSYIPTF	TRAV14/DV4*01	TRAJ6*01	-0.039967084450229985
31987	CAMRGRSGSARQLTF	TRAV14/DV4*01	TRAJ22*01	-0.013730557576748788
31987	CASRDTSGGPDTQYF	TRBV2*01	TRBJ2-3*01	-0.013730557576748788
31989	CASSLGTSGSTDTQYF	TRBV28*01	TRBJ2-3*01	-0.027254257092966767
31989	CAMSTFNYGQNFVF	TRAV12-3*01	TRAJ26*01	-0.027254257092966767
31991	CATDTGFQKLVF	TRAV17*01	TRAJ8*01	-0.046520861540698004
31991	CASSLPGWEQYF	TRBV28*01	TRBJ2-7*01	-0.046520861540698004
31993	CASRSTGYLEQYF	TRBV27*01	TRBJ2-7*01	-0.07570393698442479
31993	CAVKSNAGGTSYGKLTF	TRAV39*01	TRAJ52*01	-0.07570393698442479
32000	CASSYDRGFYNEQFF	TRBV6-6*01	TRBJ2-1*01	0.026938141223855513
32000	CIVRVTGYGQNFVF	TRAV26-1*01	TRAJ26*01	0.026938141223855513
32001	CASSPSGLAGYNEQFF	TRBV28*01	TRBJ2-1*01	-0.030113257904390255
32001	CALSVSNFGNEKLTF	TRAV19*01	TRAJ48*01	-0.030113257904390255
32002	CAPEGGNTGKLIF	TRAV5*01	TRAJ37*01	-0.11746497953123237
32002	CASSLHLMNTEAFF	TRBV5-6*01	TRBJ1-1*01	-0.11746497953123237
32005	CAGFLNYGGSQGNLIF	TRAV27*01	TRAJ42*01	-0.05060521236076989
32005	CASSQVVTDNEQFF	TRBV4-3*01	TRBJ2-1*01	-0.05060521236076989
32006	CASSEALAGSTDTQYF	TRBV2*01	TRBJ2-3*01	-0.06951172908878434
32006	CAVRGSGTYKYIF	TRAV12-2*01	TRAJ40*01	-0.06951172908878434
32008	CAGDSGGSNYKLTF	TRAV25*01	TRAJ53*01	-0.10018549465554075
32008	CASSPRPGPNQPQHF	TRBV7-6*01	TRBJ1-5*01	-0.10018549465554075
32015	CAVRIQGAQKLVF	TRAV8-6*01	TRAJ54*01	-0.20545590757931173
32015	CAIRDNNEQFF	TRBV10-3*01	TRBJ2-1*01	-0.20545590757931173
32017	CAAPSWVYGNKLVF	TRAV13-1*01	TRAJ47*01	-0.05702475706955992
32017	CASSEAFSGNTIYF	TRBV6-1*01	TRBJ1-3*01	-0.05702475706955992
32019	CASSLENTGELFF	TRBV5-1*01	TRBJ2-2*01	-0.11586466695187803
32019	CAASEGSGDMRF	TRAV29/DV5*01	TRAJ43*01	-0.11586466695187803
32021	CASSVVSGGHQPQHF	TRBV19*01	TRBJ1-5*01	-0.06975151384713597
32021	CAASTGTASKLTF	TRAV23/DV6*01	TRAJ44*01	-0.06975151384713597
32023	CAEALRGNQGGKLIF	TRAV13-2*01	TRAJ23*01	0.04324194324194325
32023	CASSLAQYYQPQHF	TRBV28*01	TRBJ1-5*01	0.04324194324194325
32024	CAETPGSQGNLIF	TRAV5*01	TRAJ42*01	-0.038087571253848304
32024	CASSTSLLAQHF	TRBV7-9*01	TRBJ1-5*01	-0.038087571253848304
32025	CAFKGTYKYIF	TRAV38-1*01	TRAJ40*01	-0.027503358013790148
32025	CASSIDRWTQGNQPQHF	TRBV19*01	TRBJ1-5*01	-0.027503358013790148
32028	CSARYRDTGELFF	TRBV20-1*01	TRBJ2-2*01	0.0023173038211141694
32028	CAGREAGNMLTF	TRAV27*01	TRAJ39*01	0.0023173038211141694
32029	CASSLNWREITDTQYF	TRBV7-8*01	TRBJ2-3*01	0.023499185999186004
32029	CAGYSGYSTLTF	TRAV25*01	TRAJ11*01	0.023499185999186004
32030	CASSQVRQGLNQPQHF	TRBV14*01	TRBJ1-5*01	0.022935723637151045
32030	CALRGVYNQGGKLIF	TRAV19*01	TRAJ23*01	0.022935723637151045
32031	CALSEAEGQNFVF	TRAV19*01	TRAJ26*01	-0.07032693807412202
32031	CASSQDPETGRTDTQYF	TRBV4-1*01	TRBJ2-3*01	-0.07032693807412202
32032	CALSESTAGGADGLTF	TRAV19*01	TRAJ45*01	-0.02471784826593581
32032	CASRGLGSGGYEQYF	TRBV7-8*01	TRBJ2-7*01	-0.02471784826593581
32033	CSARLRDKDYEQYF	TRBV20-1*01	TRBJ2-7*01	-0.0777611228850243
32033	CAMRGSVSSFYNQGGKLIF	TRAV14/DV4*01	TRAJ23*01	-0.0777611228850243
32034	CASSLALTFSGEGSPLHF	TRBV7-2*01	TRBJ1-6*01	0.04631413986252696
32034	CAPEPDSSYKLIF	TRAV24*01	TRAJ12*01	0.04631413986252696
32035	CASIAYSNQPQHF	TRBV28*01	TRBJ1-5*01	-0.06905643091476325
32035	CARVEGGYQKVTF	TRAV36/DV7*01	TRAJ13*01	-0.06905643091476325
32037	CASTFAHAGDSNEQFF	TRBV27*01	TRBJ2-1*01	0.0
32037	CAVAFAGKLIF	TRAV21*01	TRAJ37*01	0.0
32038	CAVAHNTNAGKSTF	TRAV8-3*01	TRAJ27*01	-0.04565933532681522
32038	CASSLTNPRQGAYNEQFF	TRBV27*01	TRBJ2-1*01	-0.04565933532681522
32039	CAVAPGYSSASKIIF	TRAV12-2*01	TRAJ3*01	0.05365280965278844
32039	CASSQDAGITYEQYF	TRBV4-2*01	TRBJ2-7*01	0.05365280965278844
32040	CAVEGWNTDKLIF	TRAV36/DV7*01	TRAJ34*01	-0.05996873496873497
32040	CSALGAVGAGIHYEQYF	TRBV20-1*01	TRBJ2-7*01	-0.05996873496873497
32041	CAVGANQAGTALIF	TRAV2*01	TRAJ15*01	0.04999146612049837
32041	CASSLNNEQFF	TRBV5-1*01	TRBJ2-1*01	0.04999146612049837
32042	CASRTTTGTGSSGNTIYF	TRBV7-9*01	TRBJ1-3*01	-0.08751849628104123
32042	CAVGSGAGSYQLTF	TRAV20*01	TRAJ28*01	-0.08751849628104123
32043	CAVGWSGGGADGLTF	TRAV8-3*01	TRAJ45*01	-0.09823005216450709
32043	CASITRLAGELFF	TRBV13*01	TRBJ2-2*01	-0.09823005216450709
32045	CASSSDPSTDTQYF	TRBV27*01	TRBJ2-3*01	-0.01874527588813303
32045	CAVLHSGTYKYIF	TRAV21*01	TRAJ40*01	-0.01874527588813303
32046	CASSYSTSQGANYEQYF	TRBV6-2*01	TRBJ2-7*01	0.022500339167005837
32046	CAVRDDDTGGFKTIF	TRAV1-2*01	TRAJ9*01	0.022500339167005837
32047	CAVSGGPGTYKYIF	TRAV21*01	TRAJ40*01	-0.011699838811894517
32047	CASSPSGRGGNEQFF	TRBV6-5*01	TRBJ2-1*01	-0.011699838811894517
32048	CAYRSNRDDKIIF	TRAV38-2/DV8*01	TRAJ30*01	-0.10742619244246336
32048	CASSIGDGILLTDTQYF	TRBV19*01	TRBJ2-3*01	-0.10742619244246336
32049	CAYYYNTDKLIF	TRAV38-2/DV8*01	TRAJ34*01	-0.04996807049186097
32049	CATTFRGYEQYF	TRBV7-9*01	TRBJ2-7*01	-0.04996807049186097
32050	CIARDNYGQNFVF	TRAV26-1*01	TRAJ26*01	-0.011538461538461539
32050	CASSDRDRGLLRQFF	TRBV4-1*01	TRBJ2-1*01	-0.011538461538461539
32051	CSAPPPYNEQFF	TRBV20-1*01	TRBJ2-1*01	-0.05180569292677943
32051	CILRGGSSNTGKLIF	TRAV26-2*01	TRAJ37*01	-0.05180569292677943
32052	CIVLAVSYGQNFVF	TRAV26-1*01	TRAJ26*01	0.026725126725126728
32052	CSARDQSRATDTQYF	TRBV20-1*01	TRBJ2-3*01	0.026725126725126728
32053	CIVRGNSGNTPLVF	TRAV26-1*01	TRAJ29*01	-0.05593383771318082
32053	CASSFSGRVGEKLFF	TRBV11-2*01	TRBJ1-4*01	-0.05593383771318082
32054	CLVGDGGSQGNLIF	TRAV4*01	TRAJ42*01	-0.15845592752178597
32054	CASSLVNTGELFF	TRBV7-6*01	TRBJ2-2*01	-0.15845592752178597
32055	CASGPLVGGGLGAYTF	TRBV12-5*01	TRBJ1-2*01	-0.11841729736021434
32055	CVVGDSNYQLIW	TRAV12-1*01	TRAJ33*01	-0.11841729736021434
32056	CVVNGKAAGNKLTF	TRAV12-1*01	TRAJ17*01	-0.12827150376751295
32056	CASSLLGGSYEQYF	TRBV27*01	TRBJ2-7*01	-0.12827150376751295
32057	CVVRVDTGFKTIF	TRAV8-2*01	TRAJ9*01	0.0070294784580498875
32057	CASSTMGQGISPLHF	TRBV11-2*01	TRBJ1-6*01	0.0070294784580498875
32058	CAVGAGTDKLIF	TRAV8-3*01	TRAJ34*01	-0.04010100717534801
32058	CASSSYSRYEQYF	TRBV7-9*01	TRBJ2-7*01	-0.04010100717534801
32060	CASTHRGPLKRRPLHF	TRBV19*01	TRBJ1-6*01	-0.03884711779448622
32060	CLVGPTRMIYNQGGKLIF	TRAV4*01	TRAJ23*01	-0.03884711779448622
32062	CVVTMDSSYKLIF	TRAV12-1*01	TRAJ12*01	-0.018320839052546375
32062	CASSVAGLAGATSTDTQYF	TRBV9*01	TRBJ2-3*01	-0.018320839052546375
32064	CAASAEGGGADGLTF	TRAV29/DV5*01	TRAJ45*01	-0.12466506400226142
32064	CASSQWTGSNYGYTF	TRBV6-6*01	TRBJ1-2*01	-0.12466506400226142
32067	CATSDYGYTF	TRBV24-1*01	TRBJ1-2*01	-0.0548840048840049
32067	CALSDSLYSGGGADGLTF	TRAV19*01	TRAJ45*01	-0.0548840048840049
32069	CASSVGRTLDYGYTF	TRBV9*01	TRBJ1-2*01	-0.16270793918560938
32069	CALSETSYDKVIF	TRAV9-2*01	TRAJ50*01	-0.16270793918560938
32071	CASGFPIYRDKSTDTQYF	TRBV12-5*01	TRBJ2-3*01	-0.029437929017760957
32071	CAMRALNAGGTSYGKLTF	TRAV14/DV4*01	TRAJ52*01	-0.029437929017760957
32072	CASARGWGPAGGELFF	TRBV6-6*01	TRBJ2-2*01	-0.08176704025732277
32072	CAMRGLGGSNYKLTF	TRAV14/DV4*01	TRAJ53*01	-0.08176704025732277
32073	CASSGQVESSGNTIYF	TRBV7-8*01	TRBJ1-3*01	-0.07872358045957525
32073	CAMSLYNNNDMRF	TRAV12-3*01	TRAJ43*01	-0.07872358045957525
32076	CASYNQGGKLIF	TRAV12-3*01	TRAJ23*01	-0.12421680768454962
32076	CSVEGSGGTQYF	TRBV29-1*01	TRBJ2-3*01	-0.12421680768454962
32077	CASSLGANTGELFF	TRBV5-5*01	TRBJ2-2*01	-0.041330354233580044
32077	CAVATDSGGGADGLTF	TRAV20*01	TRAJ45*01	-0.041330354233580044
32083	CAYRYGGSQGNLIF	TRAV38-2/DV8*01	TRAJ42*01	-0.08870764449091273
32083	CASSLTQGARNTIYF	TRBV7-9*01	TRBJ1-3*01	-0.08870764449091273
32084	CAYSPNAGGTSYGKLTF	TRAV38-2/DV8*01	TRAJ52*01	-0.2681320221667912
32084	CASSIGIHGYTF	TRBV19*01	TRBJ1-2*01	-0.2681320221667912
32086	CASSFLAGQRTDTEAFF	TRBV7-6*01	TRBJ1-1*01	-0.09256487671638358
32086	CGTADYGGSQGNLIF	TRAV30*01	TRAJ42*01	-0.09256487671638358
32087	CGTENSSNTGKLIF	TRAV30*01	TRAJ37*01	-0.012006318874450746
32087	CASSLGRGAYEQYF	TRBV13*01	TRBJ2-7*01	-0.012006318874450746
32089	CASSPSAGRGLGYTF	TRBV7-9*01	TRBJ1-2*01	0.025220999271807827
32089	CVVNSGSARQLTF	TRAV12-1*01	TRAJ22*01	0.025220999271807827
32092	CAGWDQAGTALIF	TRAV12-2*01	TRAJ15*01	-0.13090814502104825
32092	CASSLIANQETQYF	TRBV28*01	TRBJ2-5*01	-0.13090814502104825
32096	CARGEYGGATNKLIF	TRAV16*01	TRAJ32*01	-0.06733350235915467
32096	CASSLVGLGTEAFF	TRBV7-9*01	TRBJ1-1*01	-0.06733350235915467
32099	CASSEYGGYTF	TRBV6-1*01	TRBJ1-2*01	0.0025223945188970545
32099	CAVEGNNRLAF	TRAV8-1*01	TRAJ7*01	0.0025223945188970545
32100	CASSSGTSGSADTQYF	TRBV7-3*01	TRBJ2-3*01	-0.027768585435124227
32100	CAVGMAQKVTF	TRAV3*01	TRAJ13*01	-0.027768585435124227
32103	CASRLPPSSGNTDTQYF	TRBV28*01	TRBJ2-3*01	0.029523935025273538
32103	CAYRTFGTSGTYKYIF	TRAV38-2/DV8*01	TRAJ40*01	0.029523935025273538
32105	CASSDATSGTYLYNEQFF	TRBV9*01	TRBJ2-1*01	-0.11606262367668271
32105	CVVSDNFGNEKLTF	TRAV8-2*01	TRAJ48*01	-0.11606262367668271
32110	CASSPGESTDTQYF	TRBV7-3*01	TRBJ2-3*01	0.05564276992848422
32110	CAATFTGTASKLTF	TRAV29/DV5*01	TRAJ44*01	0.05564276992848422
32113	CAFTLAPSGTYKYIF	TRAV38-1*01	TRAJ40*01	-0.0771184136599405
32113	CASSLGEDSSLKREPLHF	TRBV7-9*01	TRBJ1-6*01	-0.0771184136599405
32115	CSARAYTGELFF	TRBV20-1*01	TRBJ2-2*01	-0.07820674689321663
32115	CAGGDSSNTGKLIF	TRAV27*01	TRAJ37*01	-0.07820674689321663
32117	CASSLRDSSSYEQYF	TRBV4-1*01	TRBJ2-7*01	-0.06414699074901381
32117	CALSEAANARLMF	TRAV19*01	TRAJ31*01	-0.06414699074901381
32118	CAISESSRGVDGYTF	TRBV10-3*01	TRBJ1-2*01	-0.02568463282748997
32118	CALSEEKVITQGGSEKLVF	TRAV19*01	TRAJ57*01	-0.02568463282748997
32119	CASSEWALPNEQFF	TRBV6-1*01	TRBJ2-1*01	0.023509700176366846
32119	CALSLQGGYQKVTF	TRAV16*01	TRAJ13*01	0.023509700176366846
32120	CASSEQGVVDTQYF	TRBV6-1*01	TRBJ2-3*01	-0.07179744289959343
32120	CAMREGLLDSNYQLIW	TRAV14/DV4*01	TRAJ33*01	-0.07179744289959343
32121	CASSPPADEALYGYTF	TRBV7-9*01	TRBJ1-2*01	-0.10368831778005995
32121	CAMREGPTSYDKVIF	TRAV14/DV4*01	TRAJ50*01	-0.10368831778005995
32125	CAVGSSGSARQLTF	TRAV12-2*01	TRAJ22*01	-0.12314307620081891
32125	CASSYSQGGSYGYTF	TRBV6-5*01	TRBJ1-2*01	-0.12314307620081891
32126	CASSFAQRGHRETQYF	TRBV5-6*01	TRBJ2-5*01	0.06521770869675844
32126	CAVILDSSYKLIF	TRAV8-1*01	TRAJ12*01	0.06521770869675844
32127	CASKVAGFNEQFF	TRBV28*01	TRBJ2-1*01	-0.009802149740587369
32127	CAVRDFLTGGGNKLTF	TRAV3*01	TRAJ10*01	-0.009802149740587369
32129	CAVSETGGFKTIF	TRAV8-6*01	TRAJ9*01	0.02577210371328019
32129	CASINSPGGEDTGELFF	TRBV19*01	TRBJ2-2*01	0.02577210371328019
32135	CVVSWLGSNYQLIW	TRAV12-1*01	TRAJ33*01	-0.02752371549364031
32135	CASLGTPGLAGSSYEQYF	TRBV28*01	TRBJ2-7*01	-0.02752371549364031
32138	CAMREYQAGTALIF	TRAV14/DV4*01	TRAJ15*01	0.017883862361305423
32138	CASTTGDSSNQPQHF	TRBV4-2*01	TRBJ1-5*01	0.017883862361305423
32140	CASSEKEGTTNTGELFF	TRBV2*01	TRBJ2-2*01	0.035902822667528554
32140	CAVNVERRINNDMRF	TRAV12-2*01	TRAJ43*01	0.035902822667528554
32148	CASSLADLLAEKLFF	TRBV5-5*01	TRBJ1-4*01	-0.030546249639656232
32148	CAMREGENARLMF	TRAV14/DV4*01	TRAJ31*01	-0.030546249639656232
32150	CATSELSGETQYF	TRBV15*01	TRBJ2-5*01	-0.12922532951672963
32150	CATERDFGNEKLTF	TRAV17*01	TRAJ48*01	-0.12922532951672963
32151	CASSLPDPYEQYF	TRBV5-5*01	TRBJ2-7*01	-0.06992235268334086
32151	CAVMAGAQKLVF	TRAV41*01	TRAJ54*01	-0.06992235268334086
32156	CASSLGQGDGGYTF	TRBV7-9*01	TRBJ1-2*01	-6.412361337608356e-05
32156	CLVARGSARQLTF	TRAV4*01	TRAJ22*01	-6.412361337608356e-05
32169	CARMDSNYQLIW	TRAV6*01	TRAJ33*01	-0.08057558392230954
32169	CASSQDPGPDTQYF	TRBV4-3*01	TRBJ2-3*01	-0.08057558392230954
32170	CASFDNYGQNFVF	TRAV1-2*01	TRAJ26*01	-0.09248202127284896
32170	CASSETGTSGDEQYF	TRBV5-4*01	TRBJ2-7*01	-0.09248202127284896
32176	CAVSDNNNDMRF	TRAV21*01	TRAJ43*01	-0.11134785636126393
32176	CASSLSGGRTKNIQYF	TRBV5-1*01	TRBJ2-4*01	-0.11134785636126393
32177	CAYMFSGGYNKLIF	TRAV16*01	TRAJ4*01	-0.035849393515932304
32177	CASTIGGDTGELFF	TRBV4-2*01	TRBJ2-2*01	-0.035849393515932304
32185	CADDYKLSF	TRAV13-1*01	TRAJ20*01	-0.018925518925518928
32185	CASKKTPVGTEAFF	TRBV19*01	TRBJ1-1*01	-0.018925518925518928
32188	CAVDGGATNKLIF	TRAV12-2*01	TRAJ32*01	-0.07702278643596203
32188	CAWKPTGLGYGYTF	TRBV30*01	TRBJ1-2*01	-0.07702278643596203
32189	CAISEFRDDQETQYF	TRBV10-3*01	TRBJ2-5*01	-0.05486782283764434
32189	CLVGSYNQGGKLIF	TRAV4*01	TRAJ23*01	-0.05486782283764434
32190	CAIPNYGGSQGNLIF	TRAV14/DV4*01	TRAJ42*01	-0.15560689398946104
32190	CASSFWGLAGGYNEQFF	TRBV28*01	TRBJ2-1*01	-0.15560689398946104
32191	CAMRAFMIKAAGNKLTF	TRAV14/DV4*01	TRAJ17*01	-0.003402770069436737
32191	CASSPDGLTENTEAFF	TRBV19*01	TRBJ1-1*01	-0.003402770069436737
32192	CAVRNNNARLMF	TRAV1-1*01	TRAJ31*01	0.049261073961520865
32192	CASSPRTSGNTYEQYF	TRBV11-2*01	TRBJ2-7*01	0.049261073961520865
32193	CASRELGQETQYF	TRBV19*01	TRBJ2-5*01	0.04083119261690691
32193	CAVRSHGSGGSNYKLTF	TRAV41*01	TRAJ53*01	0.04083119261690691
32196	CASSHEWGSNTGELFF	TRBV3-1*01	TRBJ2-2*01	-0.0776058285774147
32196	CAMRLYNFNKFYF	TRAV14/DV4*01	TRAJ21*01	-0.0776058285774147
32200	CASSRYRDPPDHEQYF	TRBV4-1*01	TRBJ2-7*01	-0.04858237001094144
32200	CAGMRGLTGGGNKLTF	TRAV25*01	TRAJ10*01	-0.04858237001094144
32201	CAGPNNNNDMRF	TRAV25*01	TRAJ43*01	-0.01769177520049186
32201	CASSLSRANSPLHF	TRBV27*01	TRBJ1-6*01	-0.01769177520049186
32203	CASRSGGGSYEQYF	TRBV7-2*01	TRBJ2-7*01	-0.04367058793687392
32203	CAVRDTTNWGKLQF	TRAV3*01	TRAJ24*01	-0.04367058793687392
32206	CAMREKPGGYQKVTF	TRAV14/DV4*01	TRAJ13*01	-0.029677461323823717
32206	CASSLSRRRSRDDNEQFF	TRBV19*01	TRBJ2-1*01	-0.029677461323823717
32207	CAMRESSNYQLIW	TRAV14/DV4*01	TRAJ33*01	-0.09064013648517677
32207	CASTRGQRNGAFF	TRBV2*01	TRBJ1-1*01	-0.09064013648517677
32209	CAASSGYALNF	TRAV29/DV5*01	TRAJ41*01	0.027585377585377588
32209	CASSRDRGLGYTF	TRBV5-4*01	TRBJ1-2*01	0.027585377585377588
32211	CALSVAGTASKLTF	TRAV19*01	TRAJ44*01	-0.04269635680926004
32211	CASSARDYTGELFF	TRBV7-9*01	TRBJ2-2*01	-0.04269635680926004
32213	CASSPGTGGFLSSYEQYF	TRBV7-8*01	TRBJ2-7*01	-0.06942596144870072
32213	CAPQYGNKLVF	TRAV27*01	TRAJ47*01	-0.06942596144870072
32216	CALSEAERDDKIIF	TRAV19*01	TRAJ30*01	-0.11937243679390647
32216	CASSPIELVTYNEQFF	TRBV28*01	TRBJ2-1*01	-0.11937243679390647
32217	CAPRGFKTIF	TRAV14/DV4*01	TRAJ9*01	-0.01462585034013605
32217	CASSLSVSSYNEQFF	TRBV4-3*01	TRBJ2-1*01	-0.01462585034013605
32218	CAPSVAQKLVF	TRAV29/DV5*01	TRAJ54*01	0.01341991341991342
32218	CASSFGLALGDEQFF	TRBV7-9*01	TRBJ2-1*01	0.01341991341991342
32219	CAPTAAGNMLTF	TRAV21*01	TRAJ39*01	-0.050793069472836114
32219	CASSVLANTGELFF	TRBV27*01	TRBJ2-2*01	-0.050793069472836114
32221	CAVGAQNDYKLSF	TRAV8-3*01	TRAJ20*01	-0.08218939195885351
32221	CASSLGQGATNTGELFF	TRBV18*01	TRBJ2-2*01	-0.08218939195885351
32223	CASSYSRGQPEAFF	TRBV6-6*01	TRBJ1-1*01	-0.008526523452293083
32223	CGARLRNTGTASKLTF	TRAV34*01	TRAJ44*01	-0.008526523452293083
32224	CIVRVDHTGGFKTIF	TRAV26-1*01	TRAJ9*01	-0.035267554315173366
32224	CASSQVVDWISNTGELFF	TRBV4-3*01	TRBJ2-2*01	-0.035267554315173366
32226	CATDSYRGSTLGRLYF	TRAV17*01	TRAJ18*01	0.039564761355125766
32226	CASSAGTSGGASYNEQFF	TRBV7-7*01	TRBJ2-1*01	0.039564761355125766
32227	CAFMTPQGGKLIF	TRAV38-1*01	TRAJ23*01	-0.053397594960870404
32227	CAIDETGHGYTF	TRBV7-9*01	TRBJ1-2*01	-0.053397594960870404
32228	CAVRDNTGGFKTIF	TRAV1-2*01	TRAJ9*01	-0.10045601196372585
32228	CASSERTSGGYTDTQYF	TRBV6-1*01	TRBJ2-3*01	-0.10045601196372585
32229	CSAYRVMSHEQYF	TRBV20-1*01	TRBJ2-7*01	-0.027282241567955858
32229	CAVRDPVDRGSTLGRLYF	TRAV3*01	TRAJ18*01	-0.027282241567955858
32230	CAADSSYKLIF	TRAV12-2*01	TRAJ12*01	-0.024229275269775228
32230	CAVPGGSPYEQYF	TRBV2*01	TRBJ2-7*01	-0.024229275269775228
32233	CLIFSGNTGKLIF	TRAV4*01	TRAJ37*01	-0.03570005281350064
32233	CATSDFGVNTGELFF	TRBV24-1*01	TRBJ2-2*01	-0.03570005281350064
32234	CATSEVGSETQYF	TRBV24-1*01	TRBJ2-5*01	-0.055703793282129065
32234	CVVRNDYKLSF	TRAV12-1*01	TRAJ20*01	-0.055703793282129065
32237	CAGHTGGFKTIF	TRAV2*01	TRAJ9*01	-0.07587983420819276
32237	CASSFLGQGDSPLHF	TRBV7-2*01	TRBJ1-6*01	-0.07587983420819276
32239	CAMREGRAGNQFYF	TRAV14/DV4*01	TRAJ49*01	-0.059880754166468465
32239	CASSYRRTSGRAYHEQFF	TRBV6-2*01	TRBJ2-1*01	-0.059880754166468465
32245	CAASPRTALIF	TRAV13-1*01	TRAJ15*01	-0.016558284260158172
32245	CASSLTGTVDGYTF	TRBV12-4*01	TRBJ1-2*01	-0.016558284260158172
32246	CASSPKAGGPGEQFF	TRBV7-3*01	TRBJ2-1*01	0.03669267240695812
32246	CAASRGGADGLTF	TRAV13-1*01	TRAJ45*01	0.03669267240695812
32250	CALSEAGNYGGSQGNLIF	TRAV19*01	TRAJ42*01	-0.016978499836473447
32250	CASRLTRGAGETQYF	TRBV7-8*01	TRBJ2-5*01	-0.016978499836473447
32251	CALSEDRTAGNKLTF	TRAV19*01	TRAJ17*01	-0.06266797046848196
32251	CSARIAGAKNIQYF	TRBV20-1*01	TRBJ2-4*01	-0.06266797046848196
32252	CASSLLAGGKETQYF	TRBV27*01	TRBJ2-5*01	-0.06260249169338995
32252	CAMRGGNQFYF	TRAV12-3*01	TRAJ49*01	-0.06260249169338995
32257	CASHISTGELFF	TRBV19*01	TRBJ2-2*01	-0.021333513072564817
32257	CASDSGYSTLTF	TRAV9-2*01	TRAJ11*01	-0.021333513072564817
32272	CAVSEIYNQGGKLIF	TRAV8-4*01	TRAJ23*01	0.034756865709246666
32272	CASSLGTTQETQYF	TRBV27*01	TRBJ2-5*01	0.034756865709246666
32273	CASSPLQGANHDEQYF	TRBV6-2*01	TRBJ2-7*01	0.028019599448170875
32273	CAVTHRAGRRALTF	TRAV8-4*01	TRAJ5*01	0.028019599448170875
32275	CGTETFSNYKLTF	TRAV30*01	TRAJ53*01	-0.008457468457468458
32275	CASRIQGRQPQHF	TRBV12-5*01	TRBJ1-5*01	-0.008457468457468458
32276	CAAGQDYKLSF	TRAV29/DV5*01	TRAJ20*01	0.021301449872878447
32276	CASSFLGQGAAGELFF	TRBV7-8*01	TRBJ2-2*01	0.021301449872878447
32282	CAVRPSGNQFYF	TRAV21*01	TRAJ49*01	-0.061222111222111235
32282	CASRSLSGEQFF	TRBV6-5*01	TRBJ2-1*01	-0.061222111222111235
32284	CASSSGTGGQYEQYF	TRBV28*01	TRBJ2-7*01	-0.07029478458049887
32284	CAVSGWGGNTPLVF	TRAV8-1*01	TRAJ29*01	-0.07029478458049887
32285	CAVTDSNYQLIW	TRAV1-2*01	TRAJ33*01	-0.09437380717253592
32285	CSARTSAGVYEQFF	TRBV20-1*01	TRBJ2-1*01	-0.09437380717253592
32287	CVVNEGREYGNKLVF	TRAV12-1*01	TRAJ47*01	-0.0315527726242012
32287	CASRGGTGLYGYTF	TRBV19*01	TRBJ1-2*01	-0.0315527726242012
32294	CALSEVYNQGGKLIF	TRAV19*01	TRAJ23*01	-0.10765580297838363
32294	CASSLFGSGGAGETQYF	TRBV5-4*01	TRBJ2-5*01	-0.10765580297838363
32296	CASSQDSGWREKLFF	TRBV3-1*01	TRBJ1-4*01	-0.017753308962100176
32296	CAMRGLASGGSYIPTF	TRAV14/DV4*01	TRAJ6*01	-0.017753308962100176
32303	CSARVEGAGPAQYF	TRBV20-1*01	TRBJ2-5*01	-0.08201058201058202
32303	CVVTHTGKLIF	TRAV12-1*01	TRAJ37*01	-0.08201058201058202
32304	CASSLGRSTGELFF	TRBV13*01	TRBJ2-2*01	0.02513717437286793
32304	CAALPQGGSEKLVF	TRAV22*01	TRAJ57*01	0.02513717437286793
32310	CASSSRLYNEQFF	TRBV11-2*01	TRBJ2-1*01	0.029333934665787827
32310	CAVRDSAGKSTF	TRAV3*01	TRAJ27*01	0.029333934665787827
32311	CASTSVNTGELFF	TRBV28*01	TRBJ2-2*01	-0.1856594189807349
32311	CAVSQGAQKLVF	TRAV41*01	TRAJ54*01	-0.1856594189807349
32312	CASSLVDSARSYEQYF	TRBV11-2*01	TRBJ2-7*01	0.036252269400229055
32312	CAVDRNNNNDMRF	TRAV8-3*01	TRAJ43*01	0.036252269400229055
32314	CSASAGLVGYEQYF	TRBV20-1*01	TRBJ2-7*01	-0.054359278277452946
32314	CVVGEGTALIF	TRAV10*01	TRAJ15*01	-0.054359278277452946
32315	CVVIGSQGNLIF	TRAV12-1*01	TRAJ42*01	-0.04815012593827843
32315	CASSFIGTRAGQYF	TRBV28*01	TRBJ2-4*01	-0.04815012593827843
32321	CASSPSDPGELFF	TRBV12-4*01	TRBJ2-2*01	0.028902116402116405
32321	CAERDNAGNMLTF	TRAV5*01	TRAJ39*01	0.028902116402116405
32324	CASSAGVGTGELFF	TRBV10-2*01	TRBJ2-2*01	-0.13206156202491343
32324	CAGEGSQGNLIF	TRAV8-1*01	TRAJ42*01	-0.13206156202491343
32325	CAGQTGANNLFF	TRAV35*01	TRAJ36*01	0.030941280941280944
32325	CATSPTRSTTDTQYF	TRBV15*01	TRBJ2-3*01	0.030941280941280944
32330	CASSQGGRSTDTQYF	TRBV3-1*01	TRBJ2-3*01	-0.024733350130175528
32330	CALSDQMDSNYQLIW	TRAV9-2*01	TRAJ33*01	-0.024733350130175528
32333	CASLTRFGLYSNQPQHF	TRBV28*01	TRBJ1-5*01	-0.022186830882483057
32333	CALSGDAGGTSYGKLTF	TRAV19*01	TRAJ52*01	-0.022186830882483057
32338	CAMREAWTGGFKTIF	TRAV14/DV4*01	TRAJ9*01	-0.13365157295664215
32338	CASSGQGMGNSPLHF	TRBV6-5*01	TRBJ1-6*01	-0.13365157295664215
32341	CASSDRGTGELFF	TRBV27*01	TRBJ2-2*01	-0.07583299654475087
32341	CAVDDSGYALNF	TRAV39*01	TRAJ41*01	-0.07583299654475087
32348	CAVHSYNTDKLIF	TRAV8-1*01	TRAJ34*01	-0.09830804116518405
32348	CSASGTGSYEQYF	TRBV20-1*01	TRBJ2-7*01	-0.09830804116518405
32353	CAVNGAGGTSYGKLTF	TRAV21*01	TRAJ52*01	-0.03343257065272198
32353	CASSLDRVSYNEQFF	TRBV7-2*01	TRBJ2-1*01	-0.03343257065272198
32355	CAVRDRTSGTYKYIF	TRAV3*01	TRAJ40*01	-0.10697779918210026
32355	CASSLGEARPQETQYF	TRBV7-2*01	TRBJ2-5*01	-0.10697779918210026
32356	CAVRKGDNNARLMF	TRAV21*01	TRAJ31*01	-0.03252750505497759
32356	CASSQTAGTGELFF	TRBV4-1*01	TRBJ2-2*01	-0.03252750505497759
32358	CAVRSNDYKLSF	TRAV22*01	TRAJ20*01	-0.02962732326034609
32358	CATSDSSGSNEQFF	TRBV24-1*01	TRBJ2-1*01	-0.02962732326034609
32360	CASTRGQGRDGELFF	TRBV5-5*01	TRBJ2-2*01	-0.0669943292067193
32360	CAVSLTGDRLAF	TRAV8-4*01	TRAJ7*01	-0.0669943292067193
32364	CCTHNAGGTSYGKLTF	TRAV35*01	TRAJ52*01	-0.08622337958143203
32364	CASSYRLGNEQFF	TRBV28*01	TRBJ2-1*01	-0.08622337958143203
32366	CILVKEYGNKLVF	TRAV26-2*01	TRAJ47*01	-0.029171944015456763
32366	CSASGTLDTEAFF	TRBV20-1*01	TRBJ1-1*01	-0.029171944015456763
32369	CASSVSGANYNEQFF	TRBV19*01	TRBJ2-1*01	0.02955133757026606
32369	CVVSTLTTDSWGKLQF	TRAV10*01	TRAJ24*01	0.02955133757026606
32371	CASSYRGGYEQYF	TRBV7-6*01	TRBJ2-7*01	-0.07029212467000485
32371	CALSDPLSGNTPLVF	TRAV19*01	TRAJ29*01	-0.07029212467000485
32385	CAAPSLRGAQKLVF	TRAV13-1*01	TRAJ54*01	0.025135710849996565
32385	CSARSLAVSTDTQYF	TRBV20-1*01	TRBJ2-3*01	0.025135710849996565
32386	CAIRWTLNNEQFF	TRBV6-2*01	TRBJ2-1*01	-0.022942385004384357
32386	CAARPMNYGGSQGNLIF	TRAV41*01	TRAJ42*01	-0.022942385004384357
32391	CAFIYNNDMRF	TRAV38-1*01	TRAJ43*01	-0.04642989860381165
32391	CASGFGHSNSPLHF	TRBV28*01	TRBJ1-6*01	-0.04642989860381165
32395	CAGCSNDYKLSF	TRAV5*01	TRAJ20*01	-0.026166377482166957
32395	CAAHGGTRTLAKNIQYF	TRBV28*01	TRBJ2-4*01	-0.026166377482166957
32398	CASRQTSGTYNEQFF	TRBV4-3*01	TRBJ2-1*01	-0.053452292227802435
32398	CAMREVYGGATNKLIF	TRAV14/DV4*01	TRAJ32*01	-0.053452292227802435
32403	CASSLSRSQPPNQPQHF	TRBV28*01	TRBJ1-5*01	0.011355311355311357
32403	CAVARPTPRF	TRAV8-3*01	TRAJ43*01	0.011355311355311357
32404	CAVDPLSTRVF	TRAV2*01	TRAJ47*01	-0.024603174603174606
32404	CATSDQHGSSEQFF	TRBV24-1*01	TRBJ2-1*01	-0.024603174603174606
32405	CSARDFTYEQYF	TRBV20-1*01	TRBJ2-7*01	-0.16417378845999125
32405	CAVGARSGGGADGLTF	TRAV8-3*01	TRAJ45*01	-0.16417378845999125
32407	CASSPRDSLYEQYF	TRBV7-9*01	TRBJ2-7*01	-0.04764424288233812
32407	CAVGSGYALNF	TRAV21*01	TRAJ41*01	-0.04764424288233812
32408	CAVLPYNTDKLIF	TRAV41*01	TRAJ34*01	-0.0781178364476854
32408	CASSFWTSGYEQYF	TRBV12-3*01	TRBJ2-7*01	-0.0781178364476854
32410	CASSPPLAGGYEQYF	TRBV7-9*01	TRBJ2-7*01	-0.12657193082747809
32410	CAVREGGSSNTGKLIF	TRAV3*01	TRAJ37*01	-0.12657193082747809
32411	CAVRVLAGSARQLTF	TRAV3*01	TRAJ22*01	-0.02046002587988016
32411	CASSPGRGDSPLHF	TRBV7-9*01	TRBJ1-6*01	-0.02046002587988016
32412	CASSSPVETQYF	TRBV7-9*01	TRBJ2-5*01	-0.043648696413673374
32412	CAVSGDGGNMLTF	TRAV8-4*01	TRAJ39*01	-0.043648696413673374
32415	CILRDAVGLAGSYQLTF	TRAV26-2*01	TRAJ28*01	-0.02124819624819625
32415	CASSHFSGTFPYEQYF	TRBV3-1*01	TRBJ2-7*01	-0.02124819624819625
32423	CAETKVRARLMF	TRAV13-2*01	TRAJ31*01	0.01341991341991342
32423	CASSLSNTPGEQFF	TRBV27*01	TRBJ2-1*01	0.01341991341991342
32427	CASSIGFGQGVSTEAFF	TRBV19*01	TRBJ1-1*01	-0.018880699294012312
32427	CAFRDPAHGSSNTGKLIF	TRAV38-1*01	TRAJ37*01	-0.018880699294012312
32435	CALSEAQNTDKLIF	TRAV19*01	TRAJ34*01	-0.14793681551755133
32435	CASSGLAGGPHEQFF	TRBV19*01	TRBJ2-1*01	-0.14793681551755133
32439	CASTGSAGGSYGYTF	TRBV5-1*01	TRBJ1-2*01	-0.08794379792138196
32439	CAMRHSGGYQKVTF	TRAV14/DV4*01	TRAJ13*01	-0.08794379792138196
32442	CSVEAEGTATNEKLFF	TRBV29-1*01	TRBJ1-4*01	-0.04578810769374893
32442	CATDKFRGSQGNLIF	TRAV17*01	TRAJ42*01	-0.04578810769374893
32446	CAVRDITNSYNTDKLIF	TRAV3*01	TRAJ34*01	-0.04918408388996626
32446	CSARHLANNEQFF	TRBV20-1*01	TRBJ2-1*01	-0.04918408388996626
32450	CAVRDSNTGKLIF	TRAV1-2*01	TRAJ37*01	-0.11973800267352933
32450	CASSLGTGGQFF	TRBV5-6*01	TRBJ2-1*01	-0.11973800267352933
32453	CASSTGSYEQYF	TRBV12-3*01	TRBJ2-7*01	-0.08417529588088848
32453	CAVWAGKSTF	TRAV39*01	TRAJ27*01	-0.08417529588088848
32455	CASSLLGTEAFF	TRBV7-9*01	TRBJ1-1*01	0.023129648129648128
32455	CSNARLMF	TRAV25*01	TRAJ31*01	0.023129648129648128
32456	CSRWEGANNLFF	TRAV1-2*01	TRAJ36*01	-0.015337043908472481
32456	CASSLRGSAGNTIYF	TRBV13*01	TRBJ1-3*01	-0.015337043908472481
32460	CSATGLRTSYEQYF	TRBV20-1*01	TRBJ2-7*01	0.020501103834437172
32460	CAAGGYQKVTF	TRAV12-2*01	TRAJ13*01	0.020501103834437172
32465	CASSQDSPRAGFSDTQYF	TRBV4-1*01	TRBJ2-3*01	-0.02438389497213027
32465	CAESTISGGYNKLIF	TRAV5*01	TRAJ4*01	-0.02438389497213027
32468	CAGGLAGSYQLTF	TRAV1-2*01	TRAJ28*01	-0.050769919746245985
32468	CASRMGHTDTQYF	TRBV7-8*01	TRBJ2-3*01	-0.050769919746245985
32470	CALSGPYNFNKFYF	TRAV19*01	TRAJ21*01	-0.08816976926480641
32470	CASSQEASGGKETQYF	TRBV4-1*01	TRBJ2-5*01	-0.08816976926480641
32477	CASSTSSSWTQYF	TRBV12-3*01	TRBJ2-5*01	0.006623931623931625
32477	CAVLRRQLTF	TRAV13-1*01	TRAJ22*01	0.006623931623931625
32483	CASSQDSGPQYEQYF	TRBV3-1*01	TRBJ2-7*01	-0.15186844867770533
32483	CAVRVNTGGFKTIF	TRAV1-1*01	TRAJ9*01	-0.15186844867770533
32494	CASSDRFWEQYF	TRBV2*01	TRBJ2-7*01	-0.06975695604799421
32494	CIVRVGNTGNQFYF	TRAV26-1*01	TRAJ49*01	-0.06975695604799421
32497	CVVSDWAGNMLTF	TRAV8-2*01	TRAJ39*01	-0.021641200402873324
32497	CASSERLDLAGGRNEQFF	TRBV6-1*01	TRBJ2-1*01	-0.021641200402873324
32499	CASGDTGRRALTF	TRAV24*01	TRAJ5*01	-0.03079508051122719
32499	CASKPGAIEAFF	TRBV12-4*01	TRBJ1-1*01	-0.03079508051122719
32500	CAVLEGDDKIIF	TRAV8-1*01	TRAJ30*01	-0.02517868745938922
32500	CASRAGGWTLPSNYGYTF	TRBV19*01	TRBJ1-2*01	-0.02517868745938922
32501	CASSPGTGSHPYNEQFF	TRBV7-7*01	TRBJ2-1*01	0.029043625836078668
32501	CAVEVRGSTLGRLYF	TRAV8-3*01	TRAJ18*01	0.029043625836078668
32502	CAAGGGTSYGKLTF	TRAV13-1*01	TRAJ52*01	-0.002238502238502235
32502	CASSLGSGGGETQYF	TRBV7-2*01	TRBJ2-5*01	-0.002238502238502235
32505	CASNWFRDNTGELFF	TRBV6-5*01	TRBJ2-2*01	-0.11035787458551687
32505	CAVQGAGGTSYGKLTF	TRAV20*01	TRAJ52*01	-0.11035787458551687
32511	CASSLLGGRGNTGELFF	TRBV7-8*01	TRBJ2-2*01	0.030194805194805198
32511	CAARGPLDTGNQFYF	TRAV29/DV5*01	TRAJ49*01	0.030194805194805198
32512	CASSQKPGQDHYEQYF	TRBV12-3*01	TRBJ2-7*01	-0.09152418543174846
32512	CAASHNFNKFYF	TRAV29/DV5*01	TRAJ21*01	-0.09152418543174846
32513	CASSLWTGYNEQFF	TRBV6-5*01	TRBJ2-1*01	-0.03654213007954506
32513	CAASNPGGGNKLTF	TRAV13-1*01	TRAJ10*01	-0.03654213007954506
32517	CALRRAGGTSYGKLTF	TRAV19*01	TRAJ52*01	-0.06501291917958583
32517	CSAEVPGANTGELFF	TRBV20-1*01	TRBJ2-2*01	-0.06501291917958583
32518	CSARFSANGEQYF	TRBV20-1*01	TRBJ2-7*01	-0.08224142701873591
32518	CAMRGPTGTASKLTF	TRAV14/DV4*01	TRAJ44*01	-0.08224142701873591
32519	CASSYLGQMDEKLFF	TRBV6-6*01	TRBJ1-4*01	-0.07483255553684337
32519	CAMSAISGGSNYKLTF	TRAV12-3*01	TRAJ53*01	-0.07483255553684337
32520	CASYWTGPPHGYTF	TRBV28*01	TRBJ1-2*01	-0.1840329259398038
32520	CAMSGYGGSQGNLIF	TRAV12-3*01	TRAJ42*01	-0.1840329259398038
32521	CAVNPSYNTDKLIF	TRAV12-2*01	TRAJ34*01	-0.08747493545880641
32521	CASSYSERDTEKLFF	TRBV6-6*01	TRBJ1-4*01	-0.08747493545880641
32528	CASSEALSGGAPAETQYF	TRBV2*01	TRBJ2-5*01	-0.1232785947987006
32528	CAALSGGGADGLTF	TRAV21*01	TRAJ45*01	-0.1232785947987006
32530	CAASNNNDMRF	TRAV29/DV5*01	TRAJ43*01	-0.003887553700408424
32530	CASSLLAGSSYNEQFF	TRBV6-6*01	TRBJ2-1*01	-0.003887553700408424
32533	CASSGREAFF	TRBV18*01	TRBJ1-1*01	-0.0066893424036281145
32533	CAMSEYYGQNFVF	TRAV12-3*01	TRAJ26*01	-0.0066893424036281145
32536	CAVESKDNYGQNFVF	TRAV12-2*01	TRAJ26*01	-0.0684664101330768
32536	CASGLVPGGGSDGYTF	TRBV12-5*01	TRBJ1-2*01	-0.0684664101330768
32558	CASSLPTRQNLASYEYGYTF	TRBV28*01	TRBJ1-2*01	-0.11064967023019101
32558	CALGEDAGGTSYGKLTF	TRAV38-1*01	TRAJ52*01	-0.11064967023019101
32569	CASSPHRTVLAGDTQYF	TRBV4-3*01	TRBJ2-3*01	-0.06164363661476263
32569	CALSANAGGTSYGKLTF	TRAV9-2*01	TRAJ52*01	-0.06164363661476263
32577	CAYRSARWAGTASKLTF	TRAV38-2/DV8*01	TRAJ44*01	0.014887785932324158
32577	CASSGDPKAYEQYF	TRBV2*01	TRBJ2-7*01	0.014887785932324158
32579	CVVLSGNTGKLIF	TRAV12-1*01	TRAJ37*01	-0.09128555867466051
32579	CASSLGPAGAHNEQFF	TRBV27*01	TRBJ2-1*01	-0.09128555867466051
32582	CASSPWTGARGYTF	TRBV6-6*01	TRBJ1-2*01	-0.08198360786093
32582	CAATFGGSQGNLIF	TRAV13-1*01	TRAJ42*01	-0.08198360786093
32591	CAGGSGGSNYKLTF	TRAV22*01	TRAJ53*01	-0.03907294102678315
32591	CASSTPDTPSSYNEQFF	TRBV2*01	TRBJ2-1*01	-0.03907294102678315
32594	CASSLLGSNQETQYF	TRBV7-2*01	TRBJ2-5*01	-0.039614381653709924
32594	CAGGGNKLTF	TRAV13-1*01	TRAJ10*01	-0.039614381653709924
32596	CASSWYTTGQETQYF	TRBV7-9*01	TRBJ2-5*01	0.02590881340881341
32596	CAPTGGGNKLTF	TRAV16*01	TRAJ10*01	0.02590881340881341
32597	CASSLRGTDTQYF	TRBV14*01	TRBJ2-3*01	-0.20872474293410248
32597	CAVGAGGTSYGKLTF	TRAV8-4*01	TRAJ52*01	-0.20872474293410248
32612	CARGRGQNFVF	TRAV14/DV4*01	TRAJ26*01	-0.10309901738473168
32612	CASSQELAGGGNEQFF	TRBV4-1*01	TRBJ2-1*01	-0.10309901738473168
32614	CAVKAAGNKLTF	TRAV8-1*01	TRAJ17*01	-0.09554887321441044
32614	CASSLGETGGIQFF	TRBV5-6*01	TRBJ2-1*01	-0.09554887321441044
32621	CASTWDSLYEQYF	TRBV6-1*01	TRBJ2-7*01	-0.14538217781642263
32621	CVVNGDSGNTPLVF	TRAV12-1*01	TRAJ29*01	-0.14538217781642263
32629	CALANNNDMRF	TRAV1-1*01	TRAJ43*01	0.0912568884413226
32629	CASSVGGAHEQYF	TRBV9*01	TRBJ2-7*01	0.0912568884413226
32631	CALSEADYGGATNKLIF	TRAV19*01	TRAJ32*01	-0.07528116406851179
32631	CASSQDLGARMGETQYF	TRBV3-1*01	TRBJ2-5*01	-0.07528116406851179
32632	CALSNFGNEKLTF	TRAV19*01	TRAJ48*01	-0.02126559344629106
32632	CASSVGQGNQPQHF	TRBV9*01	TRBJ1-5*01	-0.02126559344629106
32634	CASSPPDDEQYF	TRBV7-9*01	TRBJ2-7*01	-0.08907733280387549
32634	CAPPNSGAGSYQLTF	TRAV6*01	TRAJ28*01	-0.08907733280387549
32636	CASSERQLPYEQYF	TRBV2*01	TRBJ2-7*01	-0.03768026844949922
32636	CASKEWDTNAGKSTF	TRAV13-1*01	TRAJ27*01	-0.03768026844949922
32640	CASSQSGGRYEQYF	TRBV4-2*01	TRBJ2-7*01	0.025987768844911704
32640	CAVSETDSWGKLQF	TRAV1-2*01	TRAJ24*01	0.025987768844911704
32642	CASSWLGQGALEAFF	TRBV25-1*01	TRBJ1-1*01	-0.16066967688546005
32642	CAYRSYYGGSQGNLIF	TRAV38-2/DV8*01	TRAJ42*01	-0.16066967688546005
32658	CAGVLDSGYALNF	TRAV27*01	TRAJ41*01	-0.022077922077922075
32658	CASSSNIRDSGNTIYF	TRBV9*01	TRBJ1-3*01	-0.022077922077922075
32665	CASKRQGLHAEQYF	TRBV7-9*01	TRBJ2-7*01	-0.11554741554741557
32665	CAMRAGNTGNQFYF	TRAV14/DV4*01	TRAJ49*01	-0.11554741554741557
32666	CASSATSNQPQHF	TRBV19*01	TRBJ1-5*01	-0.14400772807838227
32666	CAVRDPYSSNTGKLIF	TRAV3*01	TRAJ37*01	-0.14400772807838227
32668	CAGRVFQGSQGNLIF	TRAV25*01	TRAJ42*01	-0.021729606919422932
32668	CASSFISQGAYGYTF	TRBV7-9*01	TRBJ1-2*01	-0.021729606919422932
32669	CASSVDDTGLSYEQYF	TRBV9*01	TRBJ2-7*01	-0.019169256669256673
32669	CAGPSGGSYIPTF	TRAV12-2*01	TRAJ6*01	-0.019169256669256673
32673	CASTFIFVRGADSSYEQYF	TRBV28*01	TRBJ2-7*01	-0.077345550847855
32673	CAVVPNRDDKIIF	TRAV2*01	TRAJ30*01	-0.077345550847855
32674	CASSGPGTLNLDTF	TRBV6-2*01	TRBJ1-2*01	0.04100529100529101
32674	CAMREEYNFNKFYF	TRAV14/DV4*01	TRAJ21*01	0.04100529100529101
32679	CAATLTNAGGTSYGKLTF	TRAV29/DV5*01	TRAJ52*01	-0.11785081278168837
32679	CASSDRAGVVTDTQYF	TRBV6-4*01	TRBJ2-3*01	-0.11785081278168837
32681	CASSLTGDHTDTQYF	TRBV6-2*01	TRBJ2-3*01	-0.04537930018699251
32681	CASTMTTDSWGKFQF	TRAV24*01	TRAJ24*01	-0.04537930018699251
32685	CASSDPSGPGGGSPLHF	TRBV2*01	TRBJ1-6*01	-0.008288770053475938
32685	CAVRDPGGSGTYKYIF	TRAV1-1*01	TRAJ40*01	-0.008288770053475938
32688	CASSLSVVSGELFF	TRBV27*01	TRBJ2-2*01	0.03244248628864014
32688	CAVSEGDALIF	TRAV8-6*01	TRAJ15*01	0.03244248628864014
32697	CAMREGKNDYKLSF	TRAV14/DV4*01	TRAJ20*01	-0.02289854262093231
32697	CASSFGGVEGMNTEAFF	TRBV5-6*01	TRBJ1-1*01	-0.02289854262093231
32707	CAMREYNAGKSTF	TRAV14/DV4*01	TRAJ27*01	0.02477522477522478
32707	CASSVEGDGSEAFF	TRBV9*01	TRBJ1-1*01	0.02477522477522478
32714	CAAHNNAGNMLTF	TRAV29/DV5*01	TRAJ39*01	-0.0072207123820026975
32714	CASRTRLGRNEQFF	TRBV12-4*01	TRBJ2-1*01	-0.0072207123820026975
32715	CAASSNTGTASKLTF	TRAV23/DV6*01	TRAJ44*01	-0.09337854499144822
32715	CASSLELGQGRETQYF	TRBV5-6*01	TRBJ2-5*01	-0.09337854499144822
32719	CAGEENSWGKLQF	TRAV27*01	TRAJ24*01	0.00015180897533838278
32719	CASSPTRGLEIEKLFF	TRBV5-1*01	TRBJ1-4*01	0.00015180897533838278
32720	CASSLEMQGALYGYTF	TRBV5-1*01	TRBJ1-2*01	0.03927734262284252
32720	CALMDSSYKLIF	TRAV16*01	TRAJ12*01	0.03927734262284252
32721	CAGAGRFSGAGSYQLTF	TRAV27*01	TRAJ28*01	-0.007673582253414187
32721	CASSGRARLARTDTQYF	TRBV6-1*01	TRBJ2-3*01	-0.007673582253414187
32723	CAVKDTGKLIF	TRAV8-1*01	TRAJ37*01	-0.040032298812460954
32723	CASSSLLQGVDYGYTF	TRBV19*01	TRBJ1-2*01	-0.040032298812460954
32729	CASSRSFAGGDTDTQYF	TRBV7-9*01	TRBJ2-3*01	-0.01246134817563389
32729	CASYRDQAGTALIF	TRAV38-2/DV8*01	TRAJ15*01	-0.01246134817563389
32732	CASGGGQGGNNEQFF	TRBV7-9*01	TRBJ2-1*01	0.05442520442520443
32732	CAPSWGKLQF	TRAV12-3*01	TRAJ24*01	0.05442520442520443
32734	CASSLGPADTQYF	TRBV7-9*01	TRBJ2-3*01	-0.11478638090524397
32734	CADIPNSGNTPLVF	TRAV13-2*01	TRAJ29*01	-0.11478638090524397
32735	CAWSVGVSGANVLTF	TRBV30*01	TRBJ2-6*01	-0.037017718864503626
32735	CALLTRSNDYKLSF	TRAV16*01	TRAJ20*01	-0.037017718864503626
32742	CAVNMDNDMRF	TRAV12-2*01	TRAJ43*01	-0.1166907661557979
32742	CASSLINTGELFF	TRBV6-2*01	TRBJ2-2*01	-0.1166907661557979
32743	CSARTATGGQSGYTF	TRBV20-1*01	TRBJ1-2*01	-0.008901494687592132
32743	CVVNKGNQFYF	TRAV12-1*01	TRAJ49*01	-0.008901494687592132
32745	CATATDSWGKLQF	TRAV17*01	TRAJ24*01	0.029949803524064
32745	CASSPSGYQPQHF	TRBV27*01	TRBJ1-5*01	0.029949803524064
32750	CATTPVGFQKLVF	TRAV17*01	TRAJ8*01	-0.07937564163165964
32750	CASSLGQGPYEQYF	TRBV7-6*01	TRBJ2-7*01	-0.07937564163165964
32762	CALSELRGGGADGLTF	TRAV19*01	TRAJ45*01	-0.05231144516858803
32762	CASSPPRTSGAYEQYF	TRBV4-2*01	TRBJ2-7*01	-0.05231144516858803
32765	CAETTNRDDKIIF	TRAV13-2*01	TRAJ30*01	-0.10870150667257683
32765	CASSLLYSDSPLHF	TRBV27*01	TRBJ1-6*01	-0.10870150667257683
32767	CAMREAPGRFQKLVF	TRAV14/DV4*01	TRAJ8*01	-0.01618910190338762
32767	CASPGDLNTEAFF	TRBV2*01	TRBJ1-1*01	-0.01618910190338762
32769	CAASAYPGGTSYGKLTF	TRAV29/DV5*01	TRAJ52*01	-0.014529746347928169
32769	CASSLTSGGQGEQFF	TRBV5-4*01	TRBJ2-1*01	-0.014529746347928169
32771	CASSQVAAGDNSYEQYF	TRBV4-2*01	TRBJ2-7*01	-0.07341572468659974
32771	CAERGTYKYIF	TRAV13-2*01	TRAJ40*01	-0.07341572468659974
32772	CAVRRGNYQLIW	TRAV41*01	TRAJ33*01	-0.038223113832869936
32772	CSARGKGAISHHTEAFF	TRBV20-1*01	TRBJ1-1*01	-0.038223113832869936
32773	CVVSDLGDDMRF	TRAV8-2*01	TRAJ43*01	-0.09061374915881727
32773	CASRGLALYNEQFF	TRBV27*01	TRBJ2-1*01	-0.09061374915881727
32776	CASSQDRIRQARTGELFF	TRBV3-1*01	TRBJ2-2*01	-0.02515564713992472
32776	CLVGEGAAGNKLTF	TRAV4*01	TRAJ17*01	-0.02515564713992472
32778	CAFINESPRAGSSNTGKLIF	TRAV38-1*01	TRAJ37*01	-0.05677655677655678
32778	CSAPDRYLRTEAFF	TRBV20-1*01	TRBJ1-1*01	-0.05677655677655678
32784	CATDDTGFQKLVF	TRAV17*01	TRAJ8*01	-0.02695327791092949
32784	CASSLTRTALNTEAFF	TRBV7-6*01	TRBJ1-1*01	-0.02695327791092949
32789	CAVRLEGSQGNLIF	TRAV21*01	TRAJ42*01	-0.046136072921787216
32789	CASSLAGVIETQYF	TRBV6-5*01	TRBJ2-5*01	-0.046136072921787216
32790	CATSRGPLASFLVDSYNEQFF	TRBV15*01	TRBJ2-1*01	-0.11296932857943304
32790	CAVTAYNQGGKLIF	TRAV22*01	TRAJ23*01	-0.11296932857943304
32798	CAVGANPGRRALTF	TRAV8-3*01	TRAJ5*01	0.027922650541698162
32798	CASKGLAGYNEQFF	TRBV6-2*01	TRBJ2-1*01	0.027922650541698162
32799	CATSETVAGGTGELFF	TRBV24-1*01	TRBJ2-2*01	0.027846676632181683
32799	CAVRDGLVYNFNKFYF	TRAV3*01	TRAJ21*01	0.027846676632181683
32800	CATSRNRGDGYTF	TRBV15*01	TRBJ1-2*01	-0.059644059644059645
32800	CAMILHNSGNTPLVF	TRAV14/DV4*01	TRAJ29*01	-0.059644059644059645
32804	CAATYSGGGADGLTF	TRAV39*01	TRAJ45*01	-0.11115116120620452
32804	CSARAGSTYEQYF	TRBV20-1*01	TRBJ2-7*01	-0.11115116120620452
32806	CASSLGGEGYEQYF	TRBV27*01	TRBJ2-7*01	0.010895960819013936
32806	CALNLQGGSEKLVF	TRAV9-2*01	TRAJ57*01	0.010895960819013936
32807	CATVNSGGYQKVTF	TRAV17*01	TRAJ13*01	-0.059905100681707
32807	CASSLSPLDNPSYEQYF	TRBV27*01	TRBJ2-7*01	-0.059905100681707
32808	CASSEEGGLSNEKLFF	TRBV2*01	TRBJ1-4*01	0.0020243754419729046
32808	CAEYEDSSYKLIF	TRAV13-2*01	TRAJ12*01	0.0020243754419729046
32809	CAVFNAGGTSYGKLTF	TRAV41*01	TRAJ52*01	-0.12944883285567216
32809	CASSHVTGYEQYF	TRBV16*01	TRBJ2-7*01	-0.12944883285567216
32812	CATSAQTGQGENTEAFF	TRBV15*01	TRBJ1-1*01	-0.06270159645598614
32812	CAFLSSGNTPLVF	TRAV8-1*01	TRAJ29*01	-0.06270159645598614
32813	CASSPRGSYWDEQYF	TRBV27*01	TRBJ2-7*01	-0.05256711189345993
32813	CAASGGNDMRF	TRAV29/DV5*01	TRAJ43*01	-0.05256711189345993
32820	CIVRVGRGSNYKLTF	TRAV26-1*01	TRAJ53*01	-0.04056061666943698
32820	CASRHSQGAPSWYQETQYF	TRBV28*01	TRBJ2-5*01	-0.04056061666943698
32821	CAWSVQQGDQPQHF	TRBV30*01	TRBJ1-5*01	-0.05618345554422802
32821	CAVGFQGTSYGKLTF	TRAV12-2*01	TRAJ52*01	-0.05618345554422802
32824	CAMRPLGGGNQFYF	TRAV14/DV4*01	TRAJ49*01	-0.05835409937146506
32824	CASSEGVNEQFF	TRBV5-4*01	TRBJ2-1*01	-0.05835409937146506
32825	CAGITGANSKLTF	TRAV36/DV7*01	TRAJ56*01	0.048462648462648465
32825	CASSYSRGISPYGYTF	TRBV6-6*01	TRBJ1-2*01	0.048462648462648465
32826	CASIGSGYNEQFF	TRBV19*01	TRBJ2-1*01	-0.07747798615975156
32826	CAGPSYNQGGKLIF	TRAV21*01	TRAJ23*01	-0.07747798615975156
32827	CASSYGTLPSEQFF	TRBV6-5*01	TRBJ2-1*01	0.017696589125160554
32827	CAVNEMDGANNLFF	TRAV8-1*01	TRAJ36*01	0.017696589125160554
32828	CASRDATGGFEQYF	TRBV10-2*01	TRBJ2-7*01	-0.11539574378746037
32828	CVAGSGGGADGLTF	TRAV12-1*01	TRAJ45*01	-0.11539574378746037
32829	CAGPLLAAGNKLTF	TRAV25*01	TRAJ17*01	-0.03499957970004053
32829	CAINKGTGNTGELFF	TRBV10-3*01	TRBJ2-2*01	-0.03499957970004053
32831	CAWSVRGVNPYNEQFF	TRBV30*01	TRBJ2-1*01	-0.026510746748841997
32831	CAVKGTNAGKSTF	TRAV12-2*01	TRAJ27*01	-0.026510746748841997
32834	CAVRDRGSGTYKYIF	TRAV1-2*01	TRAJ40*01	-0.09647303608032923
32834	CSASVPAGQQNSSPLHF	TRBV20-1*01	TRBJ1-6*01	-0.09647303608032923
32837	CAISTGNQFYF	TRAV12-3*01	TRAJ49*01	0.04632476048571425
32837	CASSQGAGGLVFYEQYF	TRBV4-2*01	TRBJ2-7*01	0.04632476048571425
32838	CASSATGTGRTSAWYNEQFF	TRBV7-2*01	TRBJ2-1*01	-0.1067567423055972
32838	CAVRTNFGNEKLTF	TRAV8-4*01	TRAJ48*01	-0.1067567423055972
32840	CASSYDSRETQYF	TRBV7-9*01	TRBJ2-5*01	-0.06502882493648138
32840	CAVLDPYSGGGADGLTF	TRAV12-2*01	TRAJ45*01	-0.06502882493648138
32842	CASAGERSEQFF	TRBV2*01	TRBJ2-1*01	0.07176950034092892
32842	CILKASQGGSEKLVF	TRAV26-2*01	TRAJ57*01	0.07176950034092892
32843	CASSPPHPTGPTDTQYF	TRBV14*01	TRBJ2-3*01	-0.1075399743846444
32843	CAVTKFSSNTGKLIF	TRAV8-6*01	TRAJ37*01	-0.1075399743846444
32844	CASSFGAGAKAGELFF	TRBV27*01	TRBJ2-2*01	-0.07530780900913443
32844	CAASIMDFGNEKLTF	TRAV13-1*01	TRAJ48*01	-0.07530780900913443
32845	CGWPGQTNTGELFF	TRBV12-4*01	TRBJ2-2*01	-0.0038035677060067295
32845	CAFGAGSYQLTF	TRAV38-1*01	TRAJ28*01	-0.0038035677060067295
32846	CASSDGTSGRAGGELFF	TRBV12-4*01	TRBJ2-2*01	-0.02271062271062271
32846	CAVKNYKLSF	TRAV12-2*01	TRAJ20*01	-0.02271062271062271
32848	CSAPGGRPQHF	TRBV20-1*01	TRBJ1-5*01	-0.10047360047360049
32848	CLVGDPFYNQGGKLIF	TRAV4*01	TRAJ23*01	-0.10047360047360049
32849	CAVRPRLTGGGNKLTF	TRAV21*01	TRAJ10*01	0.05014627240849737
32849	CASSPRQRSGNTIYF	TRBV7-9*01	TRBJ1-3*01	0.05014627240849737
32851	CAENMKMNTGFQKLVF	TRAV13-2*01	TRAJ8*01	-0.07681888004468648
32851	CASSQDLMEETQYF	TRBV4-1*01	TRBJ2-5*01	-0.07681888004468648
32852	CSAWAQGSGYEQYF	TRBV20-1*01	TRBJ2-7*01	-0.12773128286672175
32852	CAVRRSYNTDKLIF	TRAV1-2*01	TRAJ34*01	-0.12773128286672175
32853	CASSFDHRGRDEQFF	TRBV7-3*01	TRBJ2-1*01	-0.09128511870447353
32853	CAYRRRGNQFYF	TRAV38-2/DV8*01	TRAJ49*01	-0.09128511870447353
32854	CARQTTGTTVGYTF	TRBV2*01	TRBJ1-2*01	-0.030499803227075958
32854	CAARAPKAAGNKLTF	TRAV23/DV6*01	TRAJ17*01	-0.030499803227075958
32855	CASSWTGMNTEAFF	TRBV7-2*01	TRBJ1-1*01	-0.08226789475095249
32855	CAASVMAGGGADGLTF	TRAV29/DV5*01	TRAJ45*01	-0.08226789475095249
32856	CASSDGGSSGNTIYF	TRBV18*01	TRBJ1-3*01	-0.041938000271333604
32856	CAVRLPGPLVF	TRAV1-2*01	TRAJ29*01	-0.041938000271333604
32859	CSATPNPGGHSTDTQYF	TRBV20-1*01	TRBJ2-3*01	-0.031222378416740026
32859	CAGNTGGFKTIF	TRAV25*01	TRAJ9*01	-0.031222378416740026
32866	CASSGLRGTAEAFF	TRBV9*01	TRBJ1-1*01	-0.07874388796047782
32866	CVVKDNNNDMRF	TRAV12-1*01	TRAJ43*01	-0.07874388796047782
32867	CVVNFLYNQGGKLIF	TRAV12-1*01	TRAJ23*01	-0.06918809983326112
32867	CASSQERDRVYEQYF	TRBV4-3*01	TRBJ2-7*01	-0.06918809983326112
32868	CALGSNYQLIW	TRAV19*01	TRAJ33*01	0.02775742775742776
32868	CAWSAIADTDTQYF	TRBV30*01	TRBJ2-3*01	0.02775742775742776
32870	CASSQDHGLHPEAFF	TRBV4-1*01	TRBJ1-1*01	-0.01553230719897387
32870	CAAPGTGANNLFF	TRAV29/DV5*01	TRAJ36*01	-0.01553230719897387
32876	CAFIPPQGTGTASKLTF	TRAV38-1*01	TRAJ44*01	-0.04304627834039599
32876	CASSMNPQGGSSPLHF	TRBV11-1*01	TRBJ1-6*01	-0.04304627834039599
32887	CASSADQLEQFF	TRBV9*01	TRBJ2-1*01	-0.17840212015327223
32887	CVVNGAGNTPLVF	TRAV12-1*01	TRAJ29*01	-0.17840212015327223
32888	CALSAFNDYKLSF	TRAV16*01	TRAJ20*01	-0.107194367540288
32888	CASSEAGGGYEQYF	TRBV12-3*01	TRBJ2-7*01	-0.107194367540288
32892	CASSPLPGGVNEQFF	TRBV10-1*01	TRBJ2-1*01	-0.02220768649340078
32892	CAGPLLTQGGSEKLVF	TRAV25*01	TRAJ57*01	-0.02220768649340078
32903	CLVGDLYTGGFKTIF	TRAV4*01	TRAJ9*01	0.018058210356336445
32903	CASQAGVFTDTQYF	TRBV28*01	TRBJ2-3*01	0.018058210356336445
32905	CGTEIQGGGADGLTF	TRAV30*01	TRAJ45*01	-0.10382182655696169
32905	CASSPSSGESTDTQYF	TRBV27*01	TRBJ2-3*01	-0.10382182655696169
32908	CATDASSNYQLIW	TRAV17*01	TRAJ33*01	0.005347694633408919
32908	CSAIPLGEPYEQYF	TRBV20-1*01	TRBJ2-7*01	0.005347694633408919
32910	CASSSGVGQEAHEQYF	TRBV11-1*01	TRBJ2-7*01	-0.05112720906994502
32910	CAVAYSGGYQKVTF	TRAV8-6*01	TRAJ13*01	-0.05112720906994502
32918	CAADSGNTPLVF	TRAV36/DV7*01	TRAJ29*01	-0.07597882637221741
32918	CASSYSVRDYEQYF	TRBV6-5*01	TRBJ2-7*01	-0.07597882637221741
32938	CAAPEPPNTGNQFYF	TRAV29/DV5*01	TRAJ49*01	-0.10716592801928002
32938	CATSDVAGGGGEQFF	TRBV24-1*01	TRBJ2-1*01	-0.10716592801928002
32940	CASRESLLAGGPDTQYF	TRBV4-2*01	TRBJ2-3*01	-0.029492257865807375
32940	CAARPHNRKLIW	TRAV13-1*01	TRAJ38*01	-0.029492257865807375
32942	CAGDSNYQLIW	TRAV27*01	TRAJ33*01	0.02385762385762386
32942	CASSQDMRAGGPNEQFF	TRBV4-3*01	TRBJ2-1*01	0.02385762385762386
32943	CAGHLRKTSYDKVIF	TRAV27*01	TRAJ50*01	-0.07028115233908798
32943	CASSPEGRRMGPTNEKLFF	TRBV12-3*01	TRBJ1-4*01	-0.07028115233908798
32944	CASSMGPTGYGYTF	TRBV19*01	TRBJ1-2*01	-0.08931716431716433
32944	CAGLSYNTDKLIF	TRAV27*01	TRAJ34*01	-0.08931716431716433
32950	CASSFGLDHGTGELFF	TRBV5-4*01	TRBJ2-2*01	0.02215672041582338
32950	CAMRGTSNDYKLSF	TRAV14/DV4*01	TRAJ20*01	0.02215672041582338
32952	CSARDREGSIYNEQFF	TRBV20-1*01	TRBJ2-1*01	-0.09266377768566555
32952	CATDAGSSNTGKLIF	TRAV17*01	TRAJ37*01	-0.09266377768566555
32955	CAVSGNTPLVF	TRAV12-2*01	TRAJ29*01	-0.21673504499311746
32955	CASTQGYNEQFF	TRBV11-2*01	TRBJ2-1*01	-0.21673504499311746
32956	CAYRSFNYGGSQGNLIF	TRAV38-2/DV8*01	TRAJ42*01	-0.006098998590909073
32956	CASSQDLGVDGYTF	TRBV4-3*01	TRBJ1-2*01	-0.006098998590909073
32964	CVVSEWNDMRF	TRAV8-2*01	TRAJ43*01	-0.06478521728044039
32964	CASSRGGGSYNEQFF	TRBV11-2*01	TRBJ2-1*01	-0.06478521728044039
32968	CAGCRLGAGSYQLTF	TRAV35*01	TRAJ28*01	-0.06634918465907687
32968	CATSREWPGELFF	TRBV15*01	TRBJ2-2*01	-0.06634918465907687
32970	CATDTGRRALTF	TRAV17*01	TRAJ5*01	0.03558879830703239
32970	CASSLALSTEYSSF	TRBV5-1*01	TRBJ1-2*01	0.03558879830703239
32973	CAALWSNQFYF	TRAV13-1*01	TRAJ49*01	0.01361444484094472
32973	CASSQDYNEQFF	TRBV14*01	TRBJ2-1*01	0.01361444484094472
32974	CASSLTSGSISTQYF	TRBV7-6*01	TRBJ2-3*01	-0.01071907069347858
32974	CALSEAYGGYQKVTF	TRAV19*01	TRAJ13*01	-0.01071907069347858
32975	CSAPLGEGGYTF	TRBV20-1*01	TRBJ1-2*01	-0.040923362351933786
32975	CAMRELSNTGKLIF	TRAV14/DV4*01	TRAJ37*01	-0.040923362351933786
32976	CAVLFHYNQGGKLIF	TRAV8-6*01	TRAJ23*01	-0.02165920499253833
32976	CASSIARTGEAVNEQFF	TRBV7-4*01	TRBJ2-1*01	-0.02165920499253833
32979	CASSFRPPDTDRTNTGELFF	TRBV5-1*01	TRBJ2-2*01	-0.06824700354112119
32979	CAVRPPHSGAGSYQLTF	TRAV21*01	TRAJ28*01	-0.06824700354112119
32982	CASSLSAGTEAFF	TRBV28*01	TRBJ1-1*01	-0.09910584502421238
32982	CALSDYGGATNKLIF	TRAV9-2*01	TRAJ32*01	-0.09910584502421238
32986	CASSLDGATNEKLFF	TRBV5-1*01	TRBJ1-4*01	-0.02585170268223422
32986	CAVGARSGGYQKVTF	TRAV8-3*01	TRAJ13*01	-0.02585170268223422
32988	CASSVQEEYGYTF	TRBV9*01	TRBJ1-2*01	-0.03354978354978355
32988	CAGYDYKLSF	TRAV25*01	TRAJ20*01	-0.03354978354978355
32989	CASSIGGGLYEQYF	TRBV19*01	TRBJ2-7*01	0.03280423280423281
32989	CAVGYNAGNMLTF	TRAV22*01	TRAJ39*01	0.03280423280423281
32993	CAVKDYGGATNKLIF	TRAV8-1*01	TRAJ32*01	-0.19448342253592688
32993	CASSEGGGYEQYF	TRBV2*01	TRBJ2-7*01	-0.19448342253592688
32997	CASSVEEPGTVYEQYF	TRBV9*01	TRBJ2-7*01	-0.081383091423033
32997	CAVLNNARLMF	TRAV1-2*01	TRAJ31*01	-0.081383091423033
32998	CASSLMTGGAYNEQFF	TRBV5-6*01	TRBJ2-1*01	-0.1334966223504339
32998	CVVNYNAGNMLTF	TRAV12-1*01	TRAJ39*01	-0.1334966223504339
33000	CVVTGAGSYQLTF	TRAV8-2*01	TRAJ28*01	-0.06110500082774921
33000	CATSDDSEKLFF	TRBV24-1*01	TRBJ1-4*01	-0.06110500082774921
33021	CATDADSNYQLIW	TRAV17*01	TRAJ33*01	-0.026112385130911818
33021	CASSLDAETQYF	TRBV7-6*01	TRBJ2-5*01	-0.026112385130911818
33023	CVVSVTGTASKLTF	TRAV8-2*01	TRAJ44*01	-0.09017042499670434
33023	CASSPGTGDLETQYF	TRBV7-9*01	TRBJ2-5*01	-0.09017042499670434
33027	CAGDMRF	TRAV17*01	TRAJ43*01	0.018934802990659732
33027	CASSLAGDQEPQYEQYF	TRBV7-6*01	TRBJ2-7*01	0.018934802990659732
33028	CAVRGYGQNFVF	TRAV3*01	TRAJ26*01	0.05585329251403348
33028	CSARDPQRTTSTDTQYF	TRBV20-1*01	TRBJ2-3*01	0.05585329251403348
33034	CAFFSGGGADGLTF	TRAV24*01	TRAJ45*01	-0.045708424903548955
33034	CASSLGGPPTYEQYF	TRBV7-2*01	TRBJ2-7*01	-0.045708424903548955
33039	CASSWTANTEAFF	TRBV27*01	TRBJ1-1*01	-0.05911553995006888
33039	CAVERDSGGSNYKLTF	TRAV36/DV7*01	TRAJ53*01	-0.05911553995006888
33040	CAVRDLETGANNLFF	TRAV1-2*01	TRAJ36*01	-0.1386080184513632
33040	CSARGTDFANTGELFF	TRBV20-1*01	TRBJ2-2*01	-0.1386080184513632
33042	CASSPGLTPAEQYF	TRBV7-9*01	TRBJ2-7*01	-0.05734840016530158
33042	CAYRSATSGTYKYIF	TRAV38-2/DV8*01	TRAJ40*01	-0.05734840016530158
33046	CAVHNAGNMLTF	TRAV27*01	TRAJ39*01	-0.05078778881360898
33046	CASGFFNQPQHF	TRBV6-2*01	TRBJ1-5*01	-0.05078778881360898
33052	CASSPDGTGSGNTIYF	TRBV5-1*01	TRBJ1-3*01	0.0216955266955267
33052	CAFMKPFHTGNQFYF	TRAV38-1*01	TRAJ49*01	0.0216955266955267
33054	CAHPSGNTPLVF	TRAV38-2/DV8*01	TRAJ29*01	-0.14769126710569197
33054	CASSLNEQEGQPQHF	TRBV28*01	TRBJ1-5*01	-0.14769126710569197
33055	CASSLAGTGSDTQYF	TRBV27*01	TRBJ2-3*01	-0.02867132867132867
33055	CALSDQLDSWGKLQF	TRAV9-2*01	TRAJ24*01	-0.02867132867132867
33061	CASSLLRVSGANVLTF	TRBV3-1*01	TRBJ2-6*01	-0.007227580557379064
33061	CAYLENNDMRF	TRAV38-2/DV8*01	TRAJ43*01	-0.007227580557379064
33063	CLVTPLYNFNKFYF	TRAV4*01	TRAJ21*01	-0.03180141678746212
33063	CASSEDNRGRYEQYF	TRBV2*01	TRBJ2-7*01	-0.03180141678746212
33065	CALSQESGYNQGGKLIF	TRAV19*01	TRAJ23*01	-0.0029803529803529797
33065	CASSMRHFSYEQYF	TRBV19*01	TRBJ2-7*01	-0.0029803529803529797
33066	CASSPVGPNTQYF	TRBV12-4*01	TRBJ2-3*01	-0.09387354774260406
33066	CGTGPRVNFGNEKLTF	TRAV30*01	TRAJ48*01	-0.09387354774260406
33069	CASSLKVRDEQFF	TRBV7-3*01	TRBJ2-1*01	-0.058275368641117556
33069	CATASNDYKLSF	TRAV8-3*01	TRAJ20*01	-0.058275368641117556
33070	CATDELYNTDKLIF	TRAV17*01	TRAJ34*01	-0.015307330815352207
33070	CAWGIPRQDNNEKLFF	TRBV30*01	TRBJ1-4*01	-0.015307330815352207
33073	CAVSDKGDSSYKLIF	TRAV8-4*01	TRAJ12*01	0.00216155390245093
33073	CASSLGTGYEQYF	TRBV7-9*01	TRBJ2-7*01	0.00216155390245093
33074	CAVSDSSGTSYDKVIF	TRAV8-6*01	TRAJ50*01	-0.09805221233792664
33074	CASSYSGTENGYTF	TRBV6-5*01	TRBJ1-2*01	-0.09805221233792664
33079	CASNSLDREDGNTIYF	TRBV12-4*01	TRBJ1-3*01	-0.0693154454764362
33079	CAVDKIGGREGGSEKLVF	TRAV39*01	TRAJ57*01	-0.0693154454764362
33085	CSARGQGTSGVDYGYTF	TRBV20-1*01	TRBJ1-2*01	0.025201686243272986
33085	CAREDSSYKLIF	TRAV13-2*01	TRAJ12*01	0.025201686243272986
33094	CASSRNPGTGTYNEQFF	TRBV28*01	TRBJ2-1*01	0.04117734117734118
33094	CAGRPRGSTLGRLYF	TRAV25*01	TRAJ18*01	0.04117734117734118
33103	CAAVYHGTASKLTF	TRAV13-1*01	TRAJ44*01	-0.14860085173437432
33103	CASSQDRASYNEQFF	TRBV4-1*01	TRBJ2-1*01	-0.14860085173437432
33104	CASSSSGYNEQFF	TRBV5-1*01	TRBJ2-1*01	-0.019609837642624528
33104	CAVLVGGSTLGRLYF	TRAV8-1*01	TRAJ18*01	-0.019609837642624528
33129	CASTPGSEPLHF	TRBV25-1*01	TRBJ1-6*01	-0.05622092977018225
33129	CAVRDIMNRDDKIIF	TRAV3*01	TRAJ30*01	-0.05622092977018225
33135	CASIDRSYEQYF	TRBV6-5*01	TRBJ2-7*01	-0.090124880151747
33135	CAVVSDDKIIF	TRAV22*01	TRAJ30*01	-0.090124880151747
33142	CAVNGDDKIIF	TRAV8-1*01	TRAJ30*01	-0.022493071302595112
33142	CASSYPLGTQYF	TRBV6-5*01	TRBJ2-5*01	-0.022493071302595112
33143	CAVSEFGANSKLTF	TRAV8-6*01	TRAJ56*01	-0.05918556172202105
33143	CASRVKETQYF	TRBV7-9*01	TRBJ2-5*01	-0.05918556172202105
33144	CASSLGVGRGFTEAFF	TRBV7-2*01	TRBJ1-1*01	-0.10247371675943104
33144	CAYRSLRRDDKIIF	TRAV38-2/DV8*01	TRAJ30*01	-0.10247371675943104
33167	CVVNSGNKLVF	TRAV12-1*01	TRAJ47*01	0.030264926483413883
33167	CASSADAGTSSEQFF	TRBV9*01	TRBJ2-1*01	0.030264926483413883
33214	CVAASYNTDKLIF	TRAV12-1*01	TRAJ34*01	-0.014366829751445136
33214	CASSQVGRGRGAFF	TRBV3-1*01	TRBJ1-1*01	-0.014366829751445136
33236	CASSVAGGGQETQYF	TRBV9*01	TRBJ2-5*01	-0.08676301047597955
33236	CALSEAGTYKYIF	TRAV19*01	TRAJ40*01	-0.08676301047597955
33238	CASKVYGYTF	TRBV7-2*01	TRBJ1-2*01	0.008110936682365255
33238	CLVGDFNSNSGYALNF	TRAV4*01	TRAJ41*01	0.008110936682365255
33242	CASSQDVTSEWVDTIYF	TRBV4-3*01	TRBJ1-3*01	-0.03469296135962803
33242	CAVNPKYTGGFKTIF	TRAV12-2*01	TRAJ9*01	-0.03469296135962803
33250	CAGPRFTSGTYKYIF	TRAV25*01	TRAJ40*01	0.028602037692946787
33250	CASSPTLYNEQFF	TRBV7-2*01	TRBJ2-1*01	0.028602037692946787
33255	CASSLILDSPLHF	TRBV7-9*01	TRBJ1-6*01	-0.07544300598809486
33255	CAVEDDYKLSF	TRAV22*01	TRAJ20*01	-0.07544300598809486
33282	CASSISSTGELFF	TRBV19*01	TRBJ2-2*01	-0.1608769444814081
33282	CAVESGNTGKLIF	TRAV21*01	TRAJ37*01	-0.1608769444814081
33314	CAFDRGSSNAGKLIF	TRAV24*01	TRAJ37*01	-0.07074532846229142
33314	CASEGVHEQFF	TRBV2*01	TRBJ2-1*01	-0.07074532846229142
33315	CAGLPYGQNFVF	TRAV35*01	TRAJ26*01	-0.03927045177045178
33315	CASSPVGWGNTIYF	TRBV18*01	TRBJ1-3*01	-0.03927045177045178
33316	CATDKGSGGSNYKLTF	TRAV17*01	TRAJ53*01	-0.09342157846171166
33316	CASSTMGDYYEQYF	TRBV14*01	TRBJ2-7*01	-0.09342157846171166
33317	CAALGGDKIIF	TRAV22*01	TRAJ30*01	-0.0849933394301472
33317	CASSLWAGNTIYF	TRBV7-6*01	TRBJ1-3*01	-0.0849933394301472
33332	CASSPRDEQFF	TRBV7-9*01	TRBJ2-1*01	-0.08355439674441527
33332	CAMRAFGNEKLTF	TRAV14/DV4*01	TRAJ48*01	-0.08355439674441527
33333	CAASQNTEAFF	TRBV6-1*01	TRBJ1-1*01	-0.05262420506322946
33333	CALSESHNNAGNMLTF	TRAV19*01	TRAJ39*01	-0.05262420506322946
33340	CAGFLMNRDDKIIF	TRAV27*01	TRAJ30*01	-0.06708128731938255
33340	CACCRLFSREYGYTF	TRBV2*01	TRBJ1-2*01	-0.06708128731938255
33471	CACSIDPRGQPQHF	TRBV19*01	TRBJ1-5*01	-0.08097617760090876
33471	CVGFSGNTGKLIF	TRAV12-1*01	TRAJ37*01	-0.08097617760090876
34325	CALSEAGMDSNYQLIW	TRAV19*01	TRAJ33*01	-0.38223371164224923
34325	CASSLVNGLGYTF	TRBV7-9*01	TRBJ1-2*01	-0.38223371164224923
34330	CALSEARGGATNKLIF	TRAV19*01	TRAJ32*01	-0.0811843970446121
34330	CASSRDTVNTEAFF	TRBV10-1*01	TRBJ1-1*01	-0.0811843970446121
34340	CASSRDFVSNEQYF	TRBV10-1*01	TRBJ2-7*01	-0.06972548305538273
34340	CALSEARGGATNKLIF	TRAV19*01	TRAJ32*01	-0.06972548305538273
34346	CALSSRGSTLGRLYF	TRAV19*01	TRAJ18*01	-0.03810036281848053
34346	CASSPSGLAGSNLGNEQFF	TRBV11-3*01	TRBJ2-1*01	-0.03810036281848053
34348	CALSSRGSTLGRLYF	TRAV19*01	TRAJ18*01	-0.03810036281848053
34348	CASSPSGLAGSNLGNEQFF	TRBV11-3*01	TRBJ2-1*01	-0.03810036281848053
34357	CALSSRGSTLGRLYF	TRAV19*01	TRAJ18*01	-0.03810036281848053
34357	CASSPSGLAGSNLGNEQFF	TRBV11-3*01	TRBJ2-1*01	-0.03810036281848053
34481	CAVVPMDSNYQLIW	TRAV8-3*01	TRAJ33*01	0.036118330598017036
34481	CASSVGGGVTDTQYF	TRBV9*01	TRBJ2-3*01	0.036118330598017036
34490	CAVYTGGFKTIF	TRAV1-2*01	TRAJ9*01	-0.08661813213428379
34490	CASNLGGGSTDTQYF	TRBV11-2*01	TRBJ2-3*01	-0.08661813213428379
34495	CAVEGDTGFQKLVF	TRAV2*01	TRAJ8*01	0.02775742775742776
34495	CASSSPRSSRDTDTQYF	TRBV13*01	TRBJ2-3*01	0.02775742775742776
34497	CASRAVINTDTQYF	TRBV12-3*01	TRBJ2-3*01	-0.06482469911041341
34497	CGADFLMNRDDKIIF	TRAV34*01	TRAJ30*01	-0.06482469911041341
34498	CASSPGPNQPQHF	TRBV14*01	TRBJ1-5*01	-0.07585024467507379
34498	CAVHRDYKLSF	TRAV1-1*01	TRAJ20*01	-0.07585024467507379
34501	CAVPSGSARQLTF	TRAV1-2*01	TRAJ22*01	0.021133496133496136
34501	CASSLDFSRQETQYF	TRBV7-2*01	TRBJ2-5*01	0.021133496133496136
34504	CAVKSWSGPGWGNQAGTALIF	TRAV20*01	TRAJ15*01	-0.013565144544554658
34504	CASSMRVQSNTGELFF	TRBV19*01	TRBJ2-2*01	-0.013565144544554658
34505	CVGDFNNAGNMLTF	TRAV12-1*01	TRAJ39*01	-0.10323347490347848
34505	CASSPGREQYF	TRBV4-2*01	TRBJ2-7*01	-0.10323347490347848
34507	CAVRDNYGQNFVF	TRAV3*01	TRAJ26*01	-0.12024046128702133
34507	CASSLSWGSSYNEQFF	TRBV27*01	TRBJ2-1*01	-0.12024046128702133
34508	CAASGISGSRLTF	TRAV29/DV5*01	TRAJ10*01	-0.04541416763584348
34508	CASRDHRVIYGYTF	TRBV6-5*01	TRBJ1-2*01	-0.04541416763584348
34509	CAVRSAAAGNKLTF	TRAV22*01	TRAJ17*01	-0.06709264216068109
34509	CASSRSTGGSGNTIYF	TRBV4-3*01	TRBJ1-3*01	-0.06709264216068109
34520	CASRPWTGANEKLFF	TRBV6-5*01	TRBJ1-4*01	-0.09634058722112984
34520	CAVGTSYDKVIF	TRAV21*01	TRAJ50*01	-0.09634058722112984
34528	CASTAGPNFGNEKLTF	TRAV13-1*01	TRAJ48*01	-0.006271405225936508
34528	CASSANRGPDTEAFF	TRBV12-4*01	TRBJ1-1*01	-0.006271405225936508
34530	CAVRDRGTGGFKTIF	TRAV1-2*01	TRAJ9*01	-0.008774558774558777
34530	CASITKDRAYEQYF	TRBV28*01	TRBJ2-1*01	-0.008774558774558777
34531	CAWSAASGGAQDTQYF	TRBV30*01	TRBJ2-3*01	-0.06117910995959777
34531	CAPSYSSASKIIF	TRAV12-3*01	TRAJ3*01	-0.06117910995959777
34532	CASSPGTVKETQYF	TRBV5-1*01	TRBJ2-5*01	0.03874457616504363
34532	CAMSGYTNAGKSTF	TRAV12-3*01	TRAJ27*01	0.03874457616504363
34533	CAMREDNNARLMF	TRAV14/DV4*01	TRAJ31*01	-0.06700792681661898
34533	CASSQEFVGAVLDTQYF	TRBV14*01	TRBJ2-3*01	-0.06700792681661898
34534	CAFMWGLGQNFVF	TRAV38-1*01	TRAJ26*01	-0.014773833547333672
34534	CASSVERENTGELFF	TRBV28*01	TRBJ2-2*01	-0.014773833547333672
34546	CAVSMYSGGGADGLTF	TRAV12-2*01	TRAJ45*01	-0.06314903172320635
34546	CASSPQGDSASSGNTIYF	TRBV4-2*01	TRBJ1-3*01	-0.06314903172320635
