residue_from,residue_to,potential
A,A,0.7921726128982101
A,C,-0.024588523628912003
A,D,-0.3064396757698997
A,E,0.5122125865403395
A,F,-0.024588523628912003
A,G,0.026704770758638554
A,H,0.09902543233826472
A,I,-0.6917602177855965
A,K,-0.01151644206155908
A,L,-0.2281874788701515
A,M,-0.024588523628912003
A,N,-0.19643878055557104
A,P,0.026704770758638554
A,Q,-0.2991985145133401
A,R,-0.47436467806198745
A,S,0.2890690352261298
A,T,0.48623710013707877
A,V,1.0740237650391975
A,W,-0.051256770711073145
A,Y,0.7198519513185838
D,A,-0.03579379047068648
D,C,0.246057361670301
D,D,-0.03579379047068648
D,E,0.4951763993877715
D,F,0.246057361670301
D,G,0.990497836617797
D,H,1.0628184981974231
D,I,0.2720328480735616
D,K,-0.5518007729786748
D,L,0.04245840642906154
D,M,0.246057361670301
D,N,0.7673542853035873
D,P,0.2973506560578517
D,Q,0.10497876341039564
D,R,-0.41502788642998123
D,S,0.5597149205253429
D,T,-0.2239462675754344
D,V,0.24605736167030115
D,W,-0.1860759935200245
D,Y,-0.3957965245020936
E,A,0.4546187104062561
E,C,-0.1389988748066561
E,D,-0.015384918839479456
E,E,-0.007662872745569097
E,F,-0.1389988748066561
E,G,-0.49317068852727003
E,H,0.6777622617204658
E,I,0.5801237921565499
E,K,-0.6855425811747259
E,L,0.35054935051204966
E,M,-0.1389988748066561
E,N,-0.3108491317333154
E,P,-0.08770558041910566
E,Q,0.16175527921247762
E,R,-0.5281504074232968
E,S,0.1746586840483856
E,T,1.4704390376274443
E,V,0.26646623330150826
E,W,0.5274800586711279
E,Y,0.6054416001408397
F,A,-0.27321402814157936
F,C,-0.396827984108756
F,D,0.41993315241836593
F,E,-0.26549198204766894
F,F,-0.396827984108756
F,G,0.3476124908387399
F,H,0.41993315241836593
F,I,-0.37085249770549533
F,K,1.0025384585784876
F,L,0.09272024120994976
F,M,-0.396827984108756
F,N,-0.9741433491435795
F,P,-0.3455346897212054
F,Q,0.15524059819128383
F,R,0.04069905645907144
F,S,-0.0831704252537142
F,T,1.2126099283253444
F,V,0.008637123999408488
F,W,0.26965094936902806
F,Y,0.3476124908387399
G,A,0.2065457760495208
G,C,0.30607537139655405
G,D,-0.2634578531962147
G,E,0.5551944091140244
G,F,0.30607537139655405
G,G,-0.33577851477584086
G,H,-0.2634578531962147
G,I,-0.07341425030834972
G,K,-0.7794648357042028
G,L,0.7956235967152598
G,M,0.30607537139655405
G,N,0.8273722950298401
G,P,0.3573686657841045
G,Q,-0.33144011317724253
G,R,-0.14370078303652153
G,S,0.6197329302515958
G,T,0.5292189227107639
G,V,0.30607537139655394
G,W,0.27940712431439285
G,Y,0.3573686657841045
H,A,0.9654443341722467
H,C,-1.237611163474766
H,D,-0.42085002694764384
H,E,1.0909494159225406
H,F,-1.237611163474766
H,G,-0.49317068852727003
H,H,-0.42085002694764384
H,I,-0.5184884965115598
H,K,0.16175527921247762
H,L,-0.7480629381560602
H,M,-1.237611163474766
H,N,-0.7163142398414797
H,P,-1.1863178690872154
H,Q,0.5672203873206418
H,R,0.45267884558842947
H,S,-0.9239536046197242
H,T,0.37182674895933454
H,V,-0.1389988748066561
H,W,-0.5711322299969818
H,Y,-0.49317068852727003
I,A,0.3080152362143805
I,C,-0.2856023489985316
I,D,0.5311587875285904
I,E,-0.03648331128106104
I,F,-0.2856023489985316
I,G,-0.23430905461098098
I,H,-0.16198839303135498
I,I,0.43352031796467433
I,K,1.1137640936887119
I,L,-0.8946664123479355
I,M,-0.2856023489985316
I,N,0.23569457463475457
I,P,-0.23430905461098098
I,Q,-0.18551889044154912
I,R,0.1519246915692957
I,S,0.028055209856510208
I,T,-0.06245879768432181
I,V,-0.5732844214503127
I,W,0.38087658447925227
I,Y,0.45883812594896434
K,A,1.8446937943660526
K,C,-0.35836170328095984
K,D,-0.9278949278737285
K,E,-0.8630144679398697
K,F,-0.35836170328095984
K,G,0.3860787716665359
K,H,0.4583994332461621
K,I,0.36076096368224614
K,K,0.3478575588463383
K,L,0.13118652203774592
K,M,-0.35836170328095984
K,N,-0.5302119602076191
K,P,-0.3070684088934094
K,Q,2.1396170280743934
K,R,-0.2775096066518649
K,S,-0.7378513249858635
K,T,0.5579290285931952
K,V,0.04710340482720449
K,W,0.3081172301968241
K,Y,0.3860787716665359
L,A,-0.6215207224097951
L,C,0.06579553783935702
L,D,-0.21605561430163073
L,E,-0.09055053255133691
L,F,0.06579553783935702
L,G,0.11708883222690755
L,H,-0.21605561430163073
L,I,0.7849182048025629
L,K,-0.14427593190750004
L,L,0.555343763158063
L,M,0.06579553783935702
L,N,0.5870924614726433
L,P,0.11708883222690755
L,Q,0.16587899639633963
L,R,0.1466476344684519
L,S,0.37945309669439886
L,T,0.2889390891535669
L,V,0.06579553783935689
L,W,0.7322744713171412
L,Y,0.8102360127868529
M,A,0.43935123827546757
M,C,-1.0705570788115997
M,D,-0.25379594228447777
M,E,1.2580035005857069
M,F,-1.0705570788115997
M,G,-1.0192637844240489
M,H,-0.25379594228447777
M,I,-0.35143441184839364
M,K,-0.3643378166843015
M,L,-0.5810088534928938
M,M,-1.0705570788115997
M,N,-0.5492601551783134
M,P,-1.0192637844240489
M,Q,0.7342744719838082
M,R,0.6197329302515958
M,S,-0.7568995199565579
M,T,-0.15426634693744443
M,V,0.028055209856510208
M,W,-0.4040781453338155
M,Y,-0.32611660386410357
N,A,-0.02146396491586179
N,C,0.48353073853933576
N,D,1.3002918750664578
N,E,-0.2789511354216736
N,F,0.48353073853933576
N,G,-0.38146669894726865
N,H,0.20167958639834807
N,I,0.5095062249425963
N,K,-0.19654436045325685
N,L,-0.6363589485760588
N,M,0.48353073853933576
N,N,0.3116804816126767
N,P,0.5348240329268863
N,Q,0.0911377119985242
N,R,0.15891772706026625
N,S,0.10404111683443211
N,T,-0.10425592636278316
N,V,-0.20961644202060956
N,W,0.4568624914571745
N,Y,-0.15832314763305896
P,A,0.20167958639834807
P,C,-0.615081550128774
P,D,0.20167958639834807
P,E,0.6148667406004228
P,F,-0.615081550128774
P,G,0.12935892481872188
P,H,-0.49146759416159724
P,I,0.10404111683443211
P,K,0.0911377119985242
P,L,-0.12553332481006807
P,M,-0.615081550128774
P,N,-0.09378462649548779
P,P,-0.5637882557412234
P,Q,0.09113771199852408
P,R,0.3820612783744761
P,S,-0.3014239912737321
P,T,0.3012091817453813
P,V,-0.9027636225805549
P,W,-0.6417497972109352
P,Y,-0.5637882557412234
Q,A,0.19896588052675165
Q,C,0.1931349602159585
Q,D,-0.0887161919250292
Q,E,-0.18635466148894517
Q,F,0.1931349602159585
Q,G,0.9375754351634545
Q,H,-0.0887161919250292
Q,I,0.21911044661921913
Q,K,-0.19925806632485296
Q,L,0.6826831855346643
Q,M,0.1931349602159585
Q,N,0.021284703289299257
Q,P,0.2444282546035092
Q,Q,0.05205636195605303
Q,R,0.01162279237756242
Q,S,0.5067925190710002
Q,T,-0.5953224001483116
Q,V,0.19313496021595863
Q,W,0.16646671313379732
Q,Y,0.2444282546035092
R,A,-0.3338386499580142
R,C,-0.051987497817026496
R,D,-0.6215207224097952
R,E,-0.20833356820772034
R,F,-0.051987497817026496
R,G,0.6924529771304694
R,H,-0.3338386499580142
R,I,-0.4314771195219301
R,K,1.3473789448702171
R,L,0.4375607275016794
R,M,-0.051987497817026496
R,N,-0.22383775474368556
R,P,-0.6938413839894212
R,Q,0.5000810844830134
R,R,0.02886459881206845
R,S,0.2616700610380154
R,T,-0.23430905461098098
R,V,1.0466247908510833
R,W,-0.07865574489918765
R,Y,0.6924529771304694
S,A,0.0008004055815377547
S,C,0.36269426539606203
S,D,-0.2068389591967066
S,E,-0.08133387744641281
S,F,0.36269426539606203
S,G,-0.5023031720905423
S,H,0.08084311325507437
S,I,1.0818169323592681
S,K,0.37576634696341504
S,L,0.15909531015482256
S,M,0.36269426539606203
S,N,0.19084400846940294
S,P,0.41398755978361257
S,Q,-0.08376598241502527
S,R,0.44354636202515707
S,S,-0.4222604644170059
S,T,-0.2250923995060568
S,V,0.3626942653960622
S,W,-0.5802647135602542
S,Y,-0.684624728884497
T,A,-0.008416249523386312
T,C,0.35347761029113794
T,D,1.17023874681826
T,E,-0.15117515436777182
T,F,0.35347761029113794
T,G,-0.0006942034294758922
T,H,1.17023874681826
T,I,-0.31369408386554665
T,K,0.3665496918584906
T,L,-0.25558645305826594
T,M,0.35347761029113794
T,N,0.8747745339244241
T,P,0.4047709046786886
T,Q,-0.2840378742826587
T,R,0.1719654424527417
T,S,0.6671351691461797
T,T,0.017005373669925127
T,V,0.06579553783935702
T,W,-0.3663378173509686
T,Y,-0.5115198271954665
V,A,0.23525588193195232
V,C,-0.35836170328095984
V,D,0.4583994332461621
V,E,0.5839045149964559
V,F,-0.35836170328095984
V,G,0.3860787716665359
V,H,-0.6402128554219476
V,I,0.36076096368224614
V,K,1.0410047394062836
V,L,0.13118652203774592
V,M,-0.35836170328095984
V,N,0.16293522035232627
V,P,-0.3070684088934094
V,Q,-0.1629680649196523
V,R,0.23331601711412575
V,S,-0.04470414442591813
V,T,-0.8283653325266954
V,V,-0.6460437757327409
V,W,0.3081172301968241
V,Y,0.3860787716665359
W,A,0.5134592104291895
W,C,-0.9964491066578779
W,D,-0.17968797013075583
W,E,1.3321114727394285
W,F,-0.9964491066578779
W,G,-0.25200863171038185
W,H,-0.17968797013075583
W,I,-0.970473620254617
W,K,0.40291733602936564
W,L,-0.506900881339172
W,M,-0.9964491066578779
W,N,-0.4751521830245916
W,P,-0.9451558122703272
W,Q,0.11523526357758464
W,R,0.6938409024053175
W,S,-0.682791547802836
W,T,-0.08015837478372252
W,V,-0.5909839985497134
W,W,-0.32997017318009375
W,Y,-0.25200863171038185
Y,A,-0.4017498555742246
Y,C,0.8917022082452432
Y,D,0.3221689836524744
Y,E,-0.03783375037893256
Y,F,0.8917022082452432
Y,G,0.5375303945246294
Y,H,-0.23744680428294826
Y,I,-0.1809345940196058
Y,K,0.4993091817044316
Y,L,0.6881032530040035
Y,M,0.8917022082452432
Y,N,-0.19643878055557124
Y,P,0.9429955026327936
Y,Q,-0.13667958501556524
Y,R,0.09708556752043805
Y,S,-0.18093459401960563
Y,T,0.10324484788097305
Y,V,-0.089127044766483
Y,W,0.1718867806031367
Y,Y,0.24984832207284838
