tcr_id,mhc_allele,score_tcr_p,score_tcr_mhc
5d2n,A*02:01:01:01,2.9393172878860154,0.33643418540293474
22560,A*02:01:01:01,5.5639777897316325,-1.903284175053486
33315,A*02:01:01:01,3.8080702243809412,1.7538514428748515
30403,A*02:01:01:01,0.7200818020741864,0.4565885745879162
32798,A*02:01:01:01,3.5676250668114244,0.9297690604955933
32596,A*02:01:01:01,0.3931734913637198,-0.8397945176748275
31902,A*02:01:01:01,0.9383222926721098,0.1985349127397569
32385,A*02:01:01:01,0.015251803368566352,-0.5751848715452224
31744,A*02:01:01:01,0.9443382633233196,0.7064309363078985
31901,A*02:01:01:01,2.806154436300848,0.25761217616694837
31741,A*02:01:01:01,4.7399533820506825,0.8276806462438024
31685,A*02:01:01:01,-0.14189383516023166,0.08425077697744121
21392,A*02:01:01:01,2.9443006760853354,-0.8047956625450408
32442,A*02:01:01:01,1.9781252220460386,4.6517147406023085
32732,A*02:01:01:01,4.1146569957459995,-0.3532550818804229
33316,A*02:01:01:01,-0.21891387862960382,2.4505346565491393
33317,A*02:01:01:01,-0.2380491820116177,-0.20588306260845662
32435,A*02:01:01:01,1.7595540821353826,2.653750655352366
31937,A*02:01:01:01,1.2972559933871115,5.353976049900048
32355,A*02:01:01:01,2.1655992907084856,1.8564112204894725
31772,A*02:01:01:01,-1.1299364052928558,4.018967553436831
31881,A*02:01:01:01,-1.1045475237838795,-2.8726276451812236
30993,A*02:01:01:01,2.24165168007244,1.8239056139491319
32015,A*02:01:01:01,7.350265826536666,-0.5036580725141038
30112,A*02:01:01:01,4.874136158736051,-4.575313338292916
21398,A*02:01:01:01,0.24739186862589518,3.305890933635357
32719,A*02:01:01:01,2.198865972851179,2.118106791896672
31832,A*02:01:01:01,6.268717107540515,0.6977108065840363
22574,A*02:01:01:01,3.400044338286759,0.6153002200055837
32465,A*02:01:01:01,1.5060471904919384,-0.06998712742427618
32681,A*02:01:01:01,-0.028229980854600295,-0.05742082757093298
32029,A*02:01:01:01,-3.219955658250657,-1.882064599163645
32037,A*02:01:01:01,0.08681214019200201,3.3037328345217447
31989,A*02:01:01:01,-0.09565555024253719,-4.061299671558681
32096,A*02:01:01:01,1.0695639789520068,-1.053282587350703
34497,A*02:01:01:01,1.6307252998391055,0.26835397259953986
33027,A*02:01:01:01,3.7482078831516366,1.2782378378998651
32970,A*02:01:01:01,0.614368603348115,1.1584794057119296
32272,A*02:01:01:01,0.7371286301469764,2.509545194819069
32217,A*02:01:01:01,1.481630121704288,0.6187114162547532
31762,A*02:01:01:01,2.2179355144344832,3.3329453553067228
31967,A*02:01:01:01,1.2931323847712268,0.9886939028471
856,A*02:01:01:01,3.98559716894424,-0.2918243575909195
32239,A*02:01:01:01,4.550535820581231,0.4695317489932394
32887,A*02:01:01:01,2.9241609032861327,-0.136372690204566
32854,A*02:01:01:01,1.7428232851150938,3.627107768828782
1026,A*02:01:01:01,1.9667447749945315,-0.3859025511530993
22575,A*02:01:01:01,0.40610420155388316,5.059766831917752
33242,A*02:01:01:01,1.5574837442919804,-2.213366734129626
31922,A*02:01:01:01,2.549265628828473,-3.2260230551213946
1128,A*02:01:01:01,4.376397322192564,1.6859158130317757
32597,A*02:01:01:01,0.1513657847650096,0.9043582778777054
85,A*02:01:01:01,-0.08386688612226856,0.6960984445918631
29737,A*02:01:01:01,-0.05706656917973227,-0.8277005138048212
31857,A*02:01:01:01,2.2459046896959944,5.6294861044645925
32594,A*02:01:01:01,1.56313353231917,0.7664245786462099
32126,A*02:01:01:01,-0.32164758528235593,3.59073254979245
21671,A*02:01:01:01,5.28329648245705,0.20907252325241152
32483,A*02:01:01:01,4.9445960361064305,5.96162536834331
8897,A*02:01:01:01,0.654278522771597,1.1755189292827644
4716,A*02:01:01:01,4.878285114363026,2.741550566809365
32398,A*02:01:01:01,-0.5370278667997876,3.285156045959672
31970,A*02:01:01:01,1.5047405823331066,8.97148131831076
32052,A*02:01:01:01,0.6448360707594852,3.790432609655365
31567,A*02:01:01:01,0.2056156138241511,3.637521643037055
32415,A*02:01:01:01,3.4179934235455827,0.03837698083915403
71,A*02:01:01:01,0.976337303350869,-1.9584146508264937
1014,A*02:01:01:01,6.266561740511296,-4.516675574619695
31783,A*02:01:01:01,0.2165138221832396,5.707165608962572
31782,A*02:01:01:01,5.123233690998918,2.1091155459787982
32734,A*02:01:01:01,2.997560340222293,-2.924502578839834
31803,A*02:01:01:01,0.5663066467183254,1.8254728986504318
31745,A*02:01:01:01,1.1423906867766505,4.478269446926232
31785,A*02:01:01:01,3.5424841341512923,3.161261285336985
30154,A*02:01:01:01,3.668239396706624,1.2864726189306832
32505,A*02:01:01:01,4.364992277626176,0.7407569007151585
32191,A*02:01:01:01,1.46203627499606,-1.6947004091915199
21451,A*02:01:01:01,2.4893063499368298,6.947708560829736
30076,A*02:01:01:01,4.787440594121297,7.097132029256798
21438,A*02:01:01:01,5.826956224977434,-0.16576963524750726
32025,A*02:01:01:01,0.5509530045670482,4.356626559445129
21651,A*02:01:01:01,3.1731240921192096,0.04055661828718504
34530,A*02:01:01:01,1.113716437618288,2.8850290684861344
15334,A*02:01:01:01,3.2630200625702277,0.7143015445125802
31877,A*02:01:01:01,1.980588536110255,1.4888964571679986
32784,A*02:01:01:01,-0.7652634626795469,1.517959317947447
32773,A*02:01:01:01,0.13669809591849136,-4.121351705552063
34532,A*02:01:01:01,6.978584614700102,8.6905229402156
21439,A*02:01:01:01,0.6222442867084923,-0.854442498418307
31789,A*02:01:01:01,0.7269768792368956,-2.069508548254003
29729,A*02:01:01:01,5.146098962640434,2.0562297110210777
32772,A*02:01:01:01,5.336982692970165,9.205949193103589
32673,A*02:01:01:01,-0.3067417417571128,-2.0949428098593095
30996,A*02:01:01:01,3.2730361204159233,-1.709376702835798
302,A*02:01:01:01,2.2195947364866178,0.2989137267772539
34528,A*02:01:01:01,2.902814915554575,1.090302658675091
33073,A*02:01:01:01,0.09221744359959767,-0.49009180296948957
32497,A*02:01:01:01,0.5773967849194745,3.0485113831769284
32019,A*02:01:01:01,0.4423098547766863,2.0209138452181112
31851,A*02:01:01:01,-1.3612010584928411,1.208318651071195
31900,A*02:01:01:01,-0.34457921585222495,-0.5658555453437272
31800,A*02:01:01:01,1.0738833917651576,1.8483419182814855
32838,A*02:01:01:01,3.077292615068474,-4.3517080619681625
31875,A*02:01:01:01,1.349047395373752,1.0375559575820874
31930,A*02:01:01:01,-1.1016952202119454,-2.9158374620207295
1294,A*02:01:01:01,4.722575822160986,1.2922789100642857
31820,A*02:01:01:01,1.5941157679479325,6.3243417206341075
32715,A*02:01:01:01,-0.23352045324213905,5.8160216420120925
32714,A*02:01:01:01,2.799961304869559,4.144958678964136
32086,A*02:01:01:01,-0.4755935989934842,3.380325922592748
32169,A*02:01:01:01,4.608860308175035,-0.06802909178195549
32809,A*02:01:01:01,2.0704977995205764,-0.9546298345800757
32806,A*02:01:01:01,3.938273397069578,0.04490131515882706
32005,A*02:01:01:01,-0.2462758808508643,3.869760028965219
32943,A*02:01:01:01,-1.0426318037394415,3.983711759862439
31886,A*02:01:01:01,-1.178377193383532,6.966579894314732
29734,A*02:01:01:01,0.5148266200155112,7.6104826875209035
32325,A*02:01:01:01,-0.3959350426289006,6.1794133439618895
31823,A*02:01:01:01,1.3842604664611573,-1.0143553009972348
31950,A*02:01:01:01,0.8175460004774856,1.0177321893330893
31915,A*02:01:01:01,1.2103460862745887,0.2024991434737593
32135,A*02:01:01:01,1.1915594115716766,0.9138254417814143
31821,A*02:01:01:01,0.10497484094136106,0.6649910633063595
32353,A*02:01:01:01,-0.10996214575487889,-0.131798886645486
32989,A*02:01:01:01,4.059343721889198,0.20581397341839125
31956,A*02:01:01:01,-1.2686743694583238,1.6089136810480367
32076,A*02:01:01:01,2.9793355874348815,3.272405776784524
32177,A*02:01:01:01,1.7449283024824034,-0.7569380454013013
32057,A*02:01:01:01,2.1011838104581457,4.631888988303729
32997,A*02:01:01:01,2.2306324016771013,2.243923038638109
32851,A*02:01:01:01,3.4882156446554538,0.9720564308288518
1274,A*02:01:01:01,2.8226534600541973,0.004875745894937
32100,A*02:01:01:01,3.249537440618007,4.432094179434629
32360,A*02:01:01:01,5.2885004952229995,5.074658152232011
32468,A*02:01:01:01,-0.24113163543561292,0.7878902779526126
29727,A*02:01:01:01,5.3562180735614735,2.1475796737995263
32087,A*02:01:01:01,1.977060968552618,7.146943866057887
32216,A*02:01:01:01,6.904336598204157,1.072937301571867
32221,A*02:01:01:01,0.058361151047065185,9.7165485413154
32219,A*02:01:01:01,1.1380497059667234,4.587303800601065
31979,A*02:01:01:01,-1.0259946455989462,6.160770872836419
33039,A*02:01:01:01,2.5301955444331012,5.571757549774022
30989,A*02:01:01:01,5.277745087457926,1.8556400566007825
21452,A*02:01:01:01,-0.5687263353217011,-2.485537942302476
31868,A*02:01:01:01,-0.8403756556112401,0.17340521008614163
32017,A*02:01:01:01,3.1819064492302043,2.3775084924422902
32974,A*02:01:01:01,1.6564288669247615,0.5445672210259442
33142,A*02:01:01:01,2.391948536976283,0.34154142291178197
32499,A*02:01:01:01,-0.5858149990902778,0.6303646079249007
33065,A*02:01:01:01,2.342167623418229,-0.7268157386611154
32099,A*02:01:01:01,1.7884368909059785,1.847506583076924
30168,A*02:01:01:01,2.7381094648854036,3.8423502532446077
31846,A*02:01:01:01,-0.891309572583649,5.564911511939522
32579,A*02:01:01:01,3.6477324369246076,-4.070657091256823
32446,A*02:01:01:01,2.091818764184008,2.0729655897835717
32113,A*02:01:01:01,3.2644949806923544,5.5386045288682
32410,A*02:01:01:01,0.056461283996778695,5.790464086384917
32848,A*02:01:01:01,0.963180572459143,2.5110593841288447
32002,A*02:01:01:01,3.5615404638705686,0.05121746931557736
32405,A*02:01:01:01,0.38689770689060343,-1.8999442513041287
32826,A*02:01:01:01,2.7711723901228646,1.0909281546094105
32735,A*02:01:01:01,1.7059129493302674,-0.19270138076271717
32829,A*02:01:01:01,0.8913512307467673,4.015683188620874
21377,A*02:01:01:01,-0.5848488371189683,-0.41419238941420883
32188,A*02:01:01:01,-0.5965137989458552,-4.084115983002912
32192,A*02:01:01:01,5.259736040768435,2.555909214913509
31729,A*02:01:01:01,2.0562368951359273,-0.2855336967403729
33238,A*02:01:01:01,2.0002210985254085,0.6375794193598436
31740,A*02:01:01:01,-3.55284818007636,2.0846139595886615
34509,A*02:01:01:01,0.24787580920604713,10.527203121385579
31738,A*02:01:01:01,-0.9982828835238662,3.463029314335706
32150,A*02:01:01:01,5.544490620515504,1.885183931271658
32120,A*02:01:01:01,2.132802119756196,0.6057850737986403
31910,A*02:01:01:01,3.1910337353439835,3.3758732366302056
33079,A*02:01:01:01,0.279163573939835,2.38660578905471
34504,A*02:01:01:01,2.99187898986421,2.6083991267365674
32843,A*02:01:01:01,5.4911840869226,4.384587650760009
32866,A*02:01:01:01,0.16205619462937432,2.840106157937453
32000,A*02:01:01:01,5.733122772247342,-0.08798395519110966
32450,A*02:01:01:01,2.057200989838617,-0.47609678156466045
32956,A*02:01:01:01,1.8835133662640027,-4.529858718558361
644,A*02:01:01:01,2.7492370477922856,5.542362900372151
32023,A*02:01:01:01,1.4368942008003684,1.552590276871039
33250,A*02:01:01:01,0.20671232957817204,4.555367575825921
31863,A*02:01:01:01,-3.811266391685797,3.308637655275855
32530,A*02:01:01:01,1.633322296047964,-2.8235490919366337
31790,A*02:01:01:01,2.154023463563718,0.3892600039681827
32723,A*02:01:01:01,0.15543983496804975,-1.174010986766917
32942,A*02:01:01:01,0.1200025969586967,1.1593056785399036
32852,A*02:01:01:01,-0.8515283528535726,11.07867657942025
22625,A*02:01:01:01,0.678035020135595,5.238149628987538
34505,A*02:01:01:01,6.54458820683373,1.5436290689806238
21447,A*02:01:01:01,2.6592201060963996,1.105640060352242
32038,A*02:01:01:01,2.192106329347981,-0.6365819377465749
32729,A*02:01:01:01,1.770592031420051,4.764255149755829
32314,A*02:01:01:01,0.16404872061443387,4.481301306755021
786,A*02:01:01:01,1.0982368841197898,6.189647172190775
32520,A*02:01:01:01,6.007263680576638,-1.7478028908615455
32888,A*02:01:01:01,-1.1598543123794762,-1.0273088933429397
33135,A*02:01:01:01,3.617874826817446,1.1133426932817785
31776,A*02:01:01:01,5.738786306178692,2.1922112792043693
31701,A*02:01:01:01,3.682283544647915,-2.4876441203242834
31927,A*02:01:01:01,9.831987482796945,-0.02039305723087094
33333,A*02:01:01:01,0.4101366881186878,2.2282632541572744
31839,A*02:01:01:01,3.3833231953384777,2.0316038342116793
31595,A*02:01:01:01,0.2728072712697144,2.3450030194159166
31936,A*02:01:01:01,6.5039069328456325,2.8639910780586835
5867,A*02:01:01:01,3.646578970743689,1.3318127999821694
32333,A*02:01:01:01,1.954071489351484,0.6077523964973435
33074,A*02:01:01:01,0.09245799105534067,1.8927960686604068
32230,A*02:01:01:01,-0.7827629398244345,0.8468974096930382
32364,A*02:01:01:01,-2.163984602130104,5.947270581489595
32944,A*02:01:01:01,-2.6780294128958215,-5.443613460177095
32721,A*02:01:01:01,-0.43154895315419206,2.976295070788396
32250,A*02:01:01:01,2.645303569327122,-0.40130401611632227
32237,A*02:01:01:01,1.8824767416174217,0.29589498059604646
32226,A*02:01:01:01,2.0186731963980007,5.012541003403319
31973,A*02:01:01:01,2.6497272272178596,3.953052964426312
31991,A*02:01:01:01,5.084769966674444,2.0399581007575094
31968,A*02:01:01:01,5.175575755966595,4.183810135454738
32148,A*02:01:01:01,5.013610260163437,3.928006080101488
32035,A*02:01:01:01,1.1008906801682299,0.05864573272721142
32189,A*02:01:01:01,3.1336903869134707,1.3063582726562708
32366,A*02:01:01:01,0.5120447818554622,1.8619600292651641
32642,A*02:01:01:01,0.23319051534127944,1.8594873869241921
33085,A*02:01:01:01,2.5901752129266233,6.574026115388131
31987,A*02:01:01:01,0.6730367316138843,2.2705262347580546
32840,A*02:01:01:01,1.9254188501841374,-1.6122215778599127
1012,A*02:01:01:01,0.014503300679385711,2.2748824385991098
21441,A*02:01:01:01,0.8840297786083475,0.0682847815976614
31773,A*02:01:01:01,2.288984457339104,0.4914155657096142
31704,A*02:01:01:01,1.577252463364476,-1.7213731801083605
31753,A*02:01:01:01,0.5318421654353903,4.311505846500808
32771,A*02:01:01:01,3.110783717537024,1.4473514519465824
32824,A*02:01:01:01,1.486751999642469,5.244836439373083
31898,A*02:01:01:01,1.4673464811499135,-0.005136039260318803
30994,A*02:01:01:01,2.7376918960358156,-3.4580828522380442
31784,A*02:01:01:01,1.7425284300209545,-0.1254567213544054
31802,A*02:01:01:01,4.384697880845231,3.7911869691334337
32118,A*02:01:01:01,3.982725421362719,5.65339260154249
21408,A*02:01:01:01,4.416501935128772,1.3874653846077238
32769,A*02:01:01:01,0.9892459773929563,4.7994471252301505
1009,A*02:01:01:01,2.628472170361248,3.928685911825752
31889,A*02:01:01:01,4.621828651350919,6.67090171678283
31879,A*02:01:01:01,0.1774732517634086,3.52167254140153
32103,A*02:01:01:01,4.324394923714367,0.9551808153492052
31916,A*02:01:01:01,-0.7007634148383092,-0.9063730699423295
31982,A*02:01:01:01,1.6859746824893838,12.875815395319028
32348,A*02:01:01:01,0.31845073406180135,0.5731625784034989
32614,A*02:01:01:01,4.319385451883233,-5.719913048335842
33052,A*02:01:01:01,4.501544432436245,0.6265915658671705
32918,A*02:01:01:01,2.3376608255322666,1.5322336872496645
32940,A*02:01:01:01,3.4942049892601554,1.2775741093559856
20942,A*02:01:01:01,1.4202632124499264,-1.598206356676675
32403,A*02:01:01:01,1.2903493426159216,-0.971602037991399
34546,A*02:01:01:01,1.5663156338009805,-0.8867926694958339
32151,A*02:01:01:01,4.234300327462794,2.9736210809243584
29738,A*02:01:01:01,5.166694003604249,0.7787304711394488
991,A*02:01:01:01,2.770577860371769,2.677805868085986
32569,A*02:01:01:01,0.6930201177779207,4.60578061456183
32470,A*02:01:01:01,2.1323391246186527,2.507702267397818
31822,A*02:01:01:01,3.780976391178506,3.0634341304345067
21385,A*02:01:01:01,6.14435884993963,1.4629973975511796
32176,A*02:01:01:01,2.525164296314223,9.825410326046331
32408,A*02:01:01:01,0.28523999675529943,-2.8140974290048755
32228,A*02:01:01:01,1.7508901766952618,1.2179479198881893
32251,A*02:01:01:01,3.944294074939102,6.976687962406419
32257,A*02:01:01:01,1.4882927040488232,3.0215406832346696
32196,A*02:01:01:01,0.6499718588923646,1.678310178847697
31712,A*02:01:01:01,1.3687483911397422,-2.3696486015200655
32207,A*02:01:01:01,0.7344001609919903,1.2040230498406208
32234,A*02:01:01:01,2.7436805118495595,-1.9822917212673548
30984,A*02:01:01:01,3.7102833743040025,5.295269853459728
31841,A*02:01:01:01,5.4655953502350245,4.35797094035185
31844,A*02:01:01:01,-0.11446520243476194,-0.7977715842727083
32964,A*02:01:01:01,-0.1372550743780208,3.4713332588131527
519,A*02:01:01:01,0.1743574570154824,3.608956134824621
31894,A*02:01:01:01,0.5050196884828025,2.5965606698471637
31855,A*02:01:01:01,3.710401015791959,-2.8095564973991527
172,A*02:01:01:01,-2.020548279737762,8.960428449041645
1967,A*02:01:01:01,1.131888878463394,6.882814849471922
18798,A*02:01:01:01,1.42199671208651,10.945769243620742
32140,A*02:01:01:01,6.333366679440566,0.30080000010511837
21375,A*02:01:01:01,1.2396104171587379,6.665832960120113
1525,A*02:01:01:01,3.945559295575272,3.5249071634777014
32767,A*02:01:01:01,4.439663962376158,-3.684981402078825
32813,A*02:01:01:01,3.0568020454246225,-4.214255550711323
33094,A*02:01:01:01,1.092982447621751,-1.2694417451919011
32859,A*02:01:01:01,1.8625170621629086,3.2774726229101216
21440,A*02:01:01:01,-0.10755310059106232,2.2695179065979074
31705,A*02:01:01:01,-2.2117700271544036,-2.528169671157231
31754,A*02:01:01:01,0.7293713716925543,1.3601724968160456
31816,A*02:01:01:01,2.7346902642882944,5.112079692707123
32528,A*02:01:01:01,0.8308920979654176,4.101124050431645
32789,A*02:01:01:01,6.683944275776008,0.35328495475624583
32765,A*02:01:01:01,2.6519331984778964,-0.6703878855470791
32950,A*02:01:01:01,-0.5435074383323875,-3.4810165126993615
31835,A*02:01:01:01,4.270889602729055,0.4868239204216491
1086,A*02:01:01:01,2.940075329733963,2.0985836575697965
31779,A*02:01:01:01,2.863175884077129,-3.954111466629096
32688,A*02:01:01:01,3.7161088803531124,3.858009179099724
32062,A*02:01:01:01,0.11080190428075817,0.10210431857671654
32790,A*02:01:01:01,2.1144144592788274,3.200285583664522
30985,A*02:01:01:01,-0.5780622980456305,5.150320280077238
33314,A*02:01:01:01,-0.7690820308323854,-0.5880217952862087
31833,A*02:01:01:01,3.2546692793254044,0.5079843061686392
32679,A*02:01:01:01,0.5118902507020858,-1.0954033481561152
32071,A*02:01:01:01,0.5280524243163931,-2.797119191469044
32115,A*02:01:01:01,2.2870019590090434,3.4319903896707444
31724,A*02:01:01:01,0.745178911512448,2.211506723378324
32117,A*02:01:01:01,5.6406656610304635,-0.680029459398426
31946,A*02:01:01:01,0.12313231683829345,3.131412361274477
25739,A*02:01:01:01,3.7774436321308573,2.958443230905194
30095,A*02:01:01:01,-1.295694826326603,-1.5045325140358243
31985,A*02:01:01:01,4.250042142709384,-0.030099696121108466
34330,A*02:01:01:01,0.852649753039574,6.448964643312233
31955,A*02:01:01:01,1.160535153747591,4.6950325837035845
32060,A*02:01:01:01,1.2865794579970589,5.4484107308708785
32034,A*02:01:01:01,1.5960507957469035,-1.631817044638709
32043,A*02:01:01:01,4.325951818737727,6.014548567319053
32064,A*02:01:01:01,5.579349852145026,-4.180763610556305
32892,A*02:01:01:01,0.03588149144697039,2.303778184180619
31749,A*02:01:01:01,4.301858063054349,2.0702266242700462
32979,A*02:01:01:01,3.9227173402294735,-2.432570357955249
32982,A*02:01:01:01,0.5412018086025997,4.1488838758563915
32275,A*02:01:01:01,-0.691601172560874,7.482559004410909
32849,A*02:01:01:01,0.13141378018978975,5.519453207354871
32218,A*02:01:01:01,5.47171242815123,-2.6817802367076427
31757,A*02:01:01:01,4.190461112632274,5.610115069843275
30995,A*02:01:01:01,-0.8461690042850563,2.4261521356801703
33040,A*02:01:01:01,0.992271496770758,4.581923790981557
25965,A*02:01:01:01,2.8303526003257966,3.8059435248282765
32227,A*02:01:01:01,1.215078113227656,-0.8702156584729617
31981,A*02:01:01:01,0.28086379161550623,4.500614031425169
32577,A*02:01:01:01,3.8389859149163774,2.638462895491378
31829,A*02:01:01:01,0.4673882488778545,8.848618849863453
32054,A*02:01:01:01,1.123031653067525,-1.651277909705744
32049,A*02:01:01:01,1.690427430201594,-1.4862961396169636
32048,A*02:01:01:01,2.068353270507142,3.1511676218540634
31737,A*02:01:01:01,0.8409741416779996,-1.1492783890497653
32831,A*02:01:01:01,6.85259537829807,-0.7573376951791388
30080,A*02:01:01:01,1.2959380399209852,2.700831850525079
32312,A*02:01:01:01,2.097044751720971,1.5727123704646653
32033,A*02:01:01:01,-1.9543876667107605,4.569469229399468
32021,A*02:01:01:01,0.9528563742074686,1.7046696192076354
32582,A*02:01:01:01,1.2666499298637757,-1.0289533223546892
31756,A*02:01:01:01,2.4421906276797047,3.739433777132545
32908,A*02:01:01:01,3.739828095711596,6.570828953974171
31929,A*02:01:01:01,-2.9564891900656027,1.6244399250964767
32391,A*02:01:01:01,6.7441595538836765,2.295393325789394
32870,A*02:01:01:01,2.824352654127558,-1.89728365767222
32750,A*02:01:01:01,1.5689985199928895,-0.8297448750209164
32742,A*02:01:01:01,-0.6566394156496957,-3.0434684995342574
21383,A*02:01:01:01,2.5203810574614707,3.3761670858763675
32665,A*02:01:01:01,-0.724187707236021,9.409825764666513
32636,A*02:01:01:01,2.704465599793238,2.8945297328343598
32634,A*02:01:01:01,2.1461328986547366,-3.6869025462604705
21446,A*02:01:01:01,-1.2899138258967293,3.459914378759846
28804,A*02:01:01:01,0.6427850969227078,1.3761515175779646
32511,A*02:01:01:01,-1.062128423614991,-0.08088227231291223
32512,A*02:01:01:01,2.7224377555885217,4.555538887739071
33028,A*02:01:01:01,0.900008370678677,4.048353736418285
31002,A*02:01:01:01,-0.3180711919616124,0.5197307391184414
1552,A*02:01:01:01,4.589849116794651,-0.6122664221362262
31986,A*02:01:01:01,4.523543306904518,2.370980346052523
34531,A*02:01:01:01,1.571592259486592,0.4325832185342613
32084,A*02:01:01:01,0.9559493390444238,4.619324563276574
21384,A*02:01:01:01,4.266975561253643,1.8034522604579637
32404,A*02:01:01:01,-1.0943313027959565,1.3649483874836181
31935,A*02:01:01:01,0.432021158803418,3.7389896418314477
300,A*02:01:01:01,3.4830892795769586,-4.711076850438349
31850,A*02:01:01:01,0.6323568059592765,-0.14822280130386806
32502,A*02:01:01:01,2.0711151614886867,-0.035038168870928754
32006,A*02:01:01:01,-2.625018656526054,-1.7337813394459576
32246,A*02:01:01:01,1.9394017450303163,1.4155435026345826
32213,A*02:01:01:01,-0.3321243409574522,-0.5853118133516189
32201,A*02:01:01:01,3.744894862819767,-5.881609038919662
34520,A*02:01:01:01,0.7759597591047567,1.8008703352432058
30990,A*02:01:01:01,-3.4609103058671877,-0.7365310913235137
32129,A*02:01:01:01,0.41035459750176884,-0.07565302662579365
31874,A*02:01:01:01,-0.5177860716860445,5.361858457290408
32046,A*02:01:01:01,2.083183235144594,2.840526111664812
33255,A*02:01:01:01,3.728506488622714,-1.6546843153526103
34481,A*02:01:01:01,3.737774248757827,1.0490729533849197
31836,A*02:01:01:01,1.9759895149863071,-0.42804542152954655
32032,A*02:01:01:01,-0.1846193630450108,3.7740513369102584
32762,A*02:01:01:01,2.521543308405696,9.98093749435545
32612,A*02:01:01:01,-0.5415796734533538,8.714817669348864
31861,A*02:01:01:01,4.128893610921077,7.685125787792804
32001,A*02:01:01:01,2.3882379598998043,3.180783081726185
22576,A*02:01:01:01,4.299506635438474,-2.1427079680280685
33055,A*02:01:01:01,2.60405770958737,0.598373254823807
32310,A*02:01:01:01,-1.5472596238483483,5.425245064153218
32356,A*02:01:01:01,2.0199220911154034,2.1377339785746017
31891,A*02:01:01:01,4.995867689089715,2.6952911087574574
32513,A*02:01:01:01,1.5478014149452768,-0.7963778795404278
31732,A*02:01:01:01,1.464143605670048,-0.1521846589642623
31810,A*02:01:01:01,2.4707279041095975,-1.6745886641508934
32211,A*02:01:01:01,2.023973503696612,4.158087654562333
30090,A*02:01:01:01,2.7384881009670083,-2.2977999309360837
32975,A*02:01:01:01,1.5494689057234625,4.5262226826677185
32051,A*02:01:01:01,1.6326830274040016,5.376359821200878
32976,A*02:01:01:01,2.2463909575846035,11.819147673190892
31849,A*02:01:01:01,1.7265568773973412,3.5378045267523657
31867,A*02:01:01:01,2.1568812578734136,5.401029437468387
32028,A*02:01:01:01,0.5476207150059238,3.6581400929529333
30144,A*02:01:01:01,0.38737139181607094,6.36574951785671
34357,A*02:01:01:01,0.4649396739402361,5.897413976905836
32669,A*02:01:01:01,1.2887685749544753,1.8116456346133363
31734,A*02:01:01:01,3.045032346178305,3.6679459543192507
32455,A*02:01:01:01,0.7685866001424889,-0.7590145731924094
32185,A*02:01:01:01,1.8666415791883444,-3.0637526905982937
30088,A*02:01:01:01,1.1642063692845481,-1.5644204098274734
32040,A*02:01:01:01,2.8649400248197248,5.346602155128293
31775,A*02:01:01:01,6.718739611913435,1.2170218372602646
30246,A*02:01:01:01,2.006494655121282,1.9191632573931254
32053,A*02:01:01:01,2.5653696839704594,-0.7525451805388164
32632,A*02:01:01:01,1.769092839613144,6.244823528947386
32876,A*02:01:01:01,3.5607780451888758,4.880427196354755
32629,A*02:01:01:01,0.3977489757303182,4.386008628856238
30077,A*02:01:01:01,0.09655812291580132,8.140687020408793
30116,A*02:01:01:01,0.07305874001027235,7.758666278603352
32110,A*02:01:01:01,2.6787869290358355,-0.8941357305963479
21381,A*02:01:01:01,2.635385170718755,-0.9499586921472736
32812,A*02:01:01:01,1.7492407184545542,3.793157152971619
32170,A*02:01:01:01,2.974520023373654,4.3203917804075
32477,A*02:01:01:01,1.2614673234514595,3.3342214023349115
22728,A*02:01:01:01,-0.5951568425129858,3.9043293482027224
32008,A*02:01:01:01,0.08678194191080513,4.551883115224654
4477,A*02:01:01:01,3.3919141959871775,-0.6170083045246373
29730,A*02:01:01:01,0.5545805416341822,-0.9484750424396917
31751,A*02:01:01:01,3.440490211130866,-0.9589662676833315
32439,A*02:01:01:01,2.586691307953952,0.1979414791850741
32867,A*02:01:01:01,1.643048196563114,-1.6787398924332027
1702,A*02:01:01:01,-0.08047339211866072,1.7484571787526542
28890,A*02:01:01:01,-0.010229639141213064,5.517504318258632
1030,A*02:01:01:01,-1.0589904843979638,5.272735206215648
31972,A*02:01:01:01,2.96346894990202,-1.8321839568972462
703,A*02:01:01:01,4.28596197009904,2.900120955365754
32778,A*02:01:01:01,-0.7249471315581172,9.082152238426097
30997,A*02:01:01:01,-0.4617309400978953,-0.07676012094395114
32903,A*02:01:01:01,1.049463368678732,-0.685487423377167
1047,A*02:01:01:01,3.937831246826728,-6.268032056248118
31847,A*02:01:01:01,0.9070269582240253,5.19194681892088
31921,A*02:01:01:01,3.028432796432381,0.9777078612344843
31708,A*02:01:01:01,1.8936403992750805,3.0372334621120944
31873,A*02:01:01:01,0.4333127089636219,1.6807352342728983
22566,A*02:01:01:01,3.3593390531060443,-2.3510782952568428
32837,A*02:01:01:01,5.3528860575776624,-1.581314836959789
33070,A*02:01:01:01,4.343155191798884,-2.4071826209404343
32845,A*02:01:01:01,1.6035016398656792,-5.696905632344839
33332,A*02:01:01:01,4.45764449338858,2.7747283938057685
758,A*02:01:01:01,1.1740129154961618,0.8399438503914574
30977,A*02:01:01:01,4.586479572283681,-0.5576110278799709
32986,A*02:01:01:01,10.364731904824996,6.440213061850388
31780,A*02:01:01:01,3.272088018377345,-2.77434139431074
31770,A*02:01:01:01,3.811775119670884,2.284159380594288
33282,A*02:01:01:01,-1.0276357118365795,1.7230965136166705
1063,A*02:01:01:01,1.661002693815339,-2.5716652411050815
32105,A*02:01:01:01,2.676875077560785,1.316557625561607
32821,A*02:01:01:01,0.3331810302648609,-1.240785426563987
32407,A*02:01:01:01,-1.49739259269201,-1.7692975072461579
34346,A*02:01:01:01,0.4649396739402361,5.897413976905836
32224,A*02:01:01:01,8.979886408835856,0.8525453832296033
7869,A*02:01:01:01,-0.19093364305639948,0.1121035728225469
22634,A*02:01:01:01,3.869461490383955,0.13851131858136284
22486,A*02:01:01:01,-0.51097527532876,1.661569518802903
31871,A*02:01:01:01,1.278541343732284,3.2410571036515856
32276,A*02:01:01:01,1.0747513846686993,-1.6783137990881343
22565,A*02:01:01:01,5.266672637092212,-0.21027911551790235
32223,A*02:01:01:01,0.6709869325494884,3.252964236589452
32209,A*02:01:01:01,0.167337401032072,-4.30304629100082
32521,A*02:01:01:01,2.6729326710851815,-2.848986168434364
31906,A*02:01:01:01,2.000219634873424,1.1978713696834093
1632,A*02:01:01:01,1.1926991780180745,-1.478507182258399
30091,A*02:01:01:01,3.7306734066999416,4.358149150617124
21449,A*02:01:01:01,2.2985743092962823,4.2126463522673125
34507,A*02:01:01:01,2.3955302881124974,-0.8446479573935117
33129,A*02:01:01:01,1.9096158030641819,4.765364070926767
21453,A*02:01:01:01,4.029179746557489,-1.7559392795235023
32868,A*02:01:01:01,-1.8304902870278386,0.7231247082827361
31534,A*02:01:01:01,-0.9760567122773066,2.822071680683851
32156,A*02:01:01:01,1.6645242027103715,-0.527460996113624
32973,A*02:01:01:01,3.2359095200398826,-0.19882698425055037
32666,A*02:01:01:01,-1.9547423200893508,1.239657633478109
32968,A*02:01:01:01,-0.5722767362055302,-0.8762402464893835
31963,A*02:01:01:01,3.4318971759120864,4.211734634983512
4045,A*02:01:01:01,4.431196677323347,-1.3908193764603523
1052,A*02:01:01:01,0.6129608655824497,1.0519882014093533
32371,A*02:01:01:01,1.3854173004851904,3.90379464330628
32206,A*02:01:01:01,-1.222394771256125,0.9492561786665217
32412,A*02:01:01:01,6.875784630765825,-3.9245975367263606
21462,A*02:01:01:01,1.710014785732481,-1.0890115593949978
31948,A*02:01:01:01,7.184544474765445,0.6671818710074442
32395,A*02:01:01:01,1.7752544747014931,0.9832978316504202
32125,A*02:01:01:01,0.8933062880758167,-2.154439345181256
33061,A*02:01:01:01,2.3237082859750626,-3.5766413322078163
31980,A*02:01:01:01,0.21538418857071923,1.6631564407057284
19556,A*02:01:01:01,-0.3608068329709553,4.840066232383075
34325,A*02:01:01:01,1.8576442571580172,3.5019363376151262
32127,A*02:01:01:01,3.4582851962191308,2.203632617556406
32083,A*02:01:01:01,2.3018598185249344,3.0755932584553713
32621,A*02:01:01:01,-1.1944911534484783,0.8841635289985154
31827,A*02:01:01:01,5.091555979502971,-4.134704324257939
32905,A*02:01:01:01,2.026077239246878,2.2162254818792557
32776,A*02:01:01:01,2.706889068721421,2.4200578292783277
32203,A*02:01:01:01,1.271938546191275,2.4497498606112242
32245,A*02:01:01:01,1.1254551071767596,3.034182675474396
33021,A*02:01:01:01,0.7129700019497146,-0.06630549548882037
21533,A*02:01:01:01,-0.8997072228642352,-1.5495453059821178
31971,A*02:01:01:01,0.35856829001178964,-0.4617678063764792
32324,A*02:01:01:01,4.5072704316419125,-2.7843545054899064
34490,A*02:01:01:01,0.8353823043530473,1.9855740079316841
32856,A*02:01:01:01,4.132239420896744,4.028301784945345
32631,A*02:01:01:01,0.20685463260755194,4.794622095793903
32285,A*02:01:01:01,0.35445172730866853,10.052002743115176
32591,A*02:01:01:01,0.3953652355598204,0.5643284152027669
32077,A*02:01:01:01,2.749633481998563,0.52434331831584
33214,A*02:01:01:01,2.2489793877860818,-1.3182234925683716
31965,A*02:01:01:01,-0.6437699438210962,1.428510677185289
32834,A*02:01:01:01,1.4617249368745888,2.2894294308535437
31819,A*02:01:01:01,0.8352881305239728,-0.19027445865221038
32938,A*02:01:01:01,-0.1539498738001673,-1.6304424088024387
32998,A*02:01:01:01,3.172383827476356,-2.241595069383428
34508,A*02:01:01:01,4.507462296422457,3.687729746851155
31739,A*02:01:01:01,-1.0624448128460475,4.754162242079343
32303,A*02:01:01:01,2.535172765926663,6.618523412527658
32282,A*02:01:01:01,0.3647473734019303,1.026238286472613
29732,A*02:01:01:01,3.5102926540082966,-3.1021133503990397
30078,A*02:01:01:01,2.9707890468285845,8.403890159137715
32519,A*02:01:01:01,0.9568971891613329,-3.0989981136349223
31854,A*02:01:01:01,0.9359770367034326,2.606234494864959
32321,A*02:01:01:01,0.9987026071481996,-1.887827423517688
32846,A*02:01:01:01,-2.136817631098824,-1.7916519873226433
30988,A*02:01:01:01,-0.4415487555776807,-3.0673402110605426
33069,A*02:01:01:01,0.5602730381838867,3.272131906384945
32121,A*02:01:01:01,0.9735755430916941,-0.9761442830195313
31878,A*02:01:01:01,0.381811675411651,-0.7127525979117161
32825,A*02:01:01:01,1.6793190281183321,0.8226221039000767
31883,A*02:01:01:01,1.55363232183714,3.9228566459843783
31938,A*02:01:01:01,7.539113543392843,-2.4436848201096346
32423,A*02:01:01:01,5.19639642896996,-1.9286080099372327
31993,A*02:01:01:01,1.0020971246678012,-0.7861936682800026
31840,A*02:01:01:01,-0.1709874667985329,-0.5796798154309679
34533,A*02:01:01:01,-0.39314481984811395,-2.42219262623046
31899,A*02:01:01:01,2.700313012078188,0.7358554090335314
32668,A*02:01:01:01,0.5914747864904307,-0.7334259382616354
29718,A*02:01:01:01,0.9949724721734967,4.220843269049393
29731,A*02:01:01:01,1.3390659916557546,0.30247902155297735
31843,A*02:01:01:01,5.421889413878717,-4.120148982118743
32427,A*02:01:01:01,1.3118304281702768,2.33652328227281
34340,A*02:01:01:01,1.6310303248732354,5.148921226799754
32233,A*02:01:01:01,-0.8638058968322676,0.5239654283053019
32229,A*02:01:01:01,5.397433745552705,2.3531043933294074
33034,A*02:01:01:01,-0.919859732641994,-0.4169783211184488
5459,A*02:01:01:01,1.3804497199565742,1.5244283599573296
32058,A*02:01:01:01,4.260243344169538,-3.1898800522318878
32138,A*02:01:01:01,1.110917956516454,2.7135226397546743
32304,A*02:01:01:01,3.8002703845937877,4.054740700430146
32287,A*02:01:01:01,3.9147384344034997,-3.801636539847089
32294,A*02:01:01:01,2.1136524213531005,5.132044981544949
33144,A*02:01:01:01,1.5660664961685682,-1.217574315897426
32193,A*02:01:01:01,-1.2525082427577945,5.300484234360248
28822,A*02:01:01:01,1.4354018807762066,1.1848815525724765
32820,A*02:01:01:01,4.240123761541697,9.753021334862662
31924,A*02:01:01:01,-2.9288740543481637,-2.756352827563415
32460,A*02:01:01:01,-1.1477503140159482,-2.7414527064957697
32042,A*02:01:01:01,0.30747512974721164,1.1308116751336539
32807,A*02:01:01:01,2.7709689617022986,-1.0974795982603767
32067,A*02:01:01:01,-0.06753769242184199,7.09126880477567
32707,A*02:01:01:01,2.12180399782153,2.949059495977552
31799,A*02:01:01:01,3.50708461295118,3.0386527423729057
32517,A*02:01:01:01,1.6906613341817918,3.9424353125501366
32190,A*02:01:01:01,0.7376530643000407,5.004847548898661
32386,A*02:01:01:01,2.7738433428057965,2.04132981976765
30755,A*02:01:01:01,2.500698392008413,-3.9690823188028768
33063,A*02:01:01:01,4.293663094731201,-1.1631014334736918
33104,A*02:01:01:01,2.8606733000515856,7.11680893055812
32073,A*02:01:01:01,0.934943069256419,-3.5619437425995546
32045,A*02:01:01:01,3.098365819354302,4.391422860289721
31954,A*02:01:01:01,0.39745362826804936,2.667730227119667
32456,A*02:01:01:01,2.1525432968875027,2.889506356950565
31865,A*02:01:01:01,-0.02729041718987213,3.240880622679606
31862,A*02:01:01:01,1.467892288583457,4.42505227675909
32828,A*02:01:01:01,2.4570467840002213,-2.8452864978714647
34495,A*02:01:01:01,2.8941336918648055,3.480032673421762
31959,A*02:01:01:01,1.3589042600370622,-1.0949133762406162
32910,A*02:01:01:01,2.5113077987488257,4.5779092218280475
21450,A*02:01:01:01,2.2535732885610353,0.7163925143494313
31828,A*02:01:01:01,2.393258833172557,-5.986444683174753
32330,A*02:01:01:01,1.5926651413977126,6.03802005885749
31869,A*02:01:01:01,0.18180982949246094,0.222270145572939
32952,A*02:01:01:01,2.907109799130347,7.755794243412151
31856,A*02:01:01:01,1.2723719212143714,-1.2337490150878652
32119,A*02:01:01:01,-0.6522039651740503,5.442095178481825
33066,A*02:01:01:01,1.3028577219311692,3.584261305153702
33471,A*02:01:01:01,0.6153202868498601,-2.567034226275357
32338,A*02:01:01:01,7.459467385394973,-2.202333695934391
32311,A*02:01:01:01,2.9511018108413043,-2.4396018239635344
32501,A*02:01:01:01,1.5100270000783877,1.747426542455302
33340,A*02:01:01:01,1.2429730567232413,2.2434561890008182
31966,A*02:01:01:01,0.7055554519229968,-0.8223296989304868
31892,A*02:01:01:01,2.27060867428954,5.465065931331271
32273,A*02:01:01:01,2.4502509840713924,4.087502904541335
32685,A*02:01:01:01,-1.57208762930286,-1.273756620045698
31969,A*02:01:01:01,-0.9115102305836552,-0.08761939018468878
32200,A*02:01:01:01,2.518693974954631,5.904452587505718
21378,A*02:01:01:01,1.361862699783221,-3.985000584026267
32041,A*02:01:01:01,0.6721301270390364,1.135348597678641
32056,A*02:01:01:01,1.32931161194353,-0.15737296543772028
14772,A*02:01:01:01,1.344023047223738,2.1677424425035787
32842,A*02:01:01:01,1.2721809692046926,-1.0951906894328487
32993,A*02:01:01:01,-1.2413391734378842,0.21746417311292243
32030,A*02:01:01:01,3.196995514482202,4.867301796816274
22586,A*02:01:01:01,2.7584673006490137,5.22510756104333
33236,A*02:01:01:01,2.5969746140882854,-0.3156307583850593
33000,A*02:01:01:01,-1.604133402625342,4.844856019342652
21443,A*02:01:01:01,0.3250746339980263,0.4832380305834511
30139,A*02:01:01:01,4.024919358646153,1.2637230422053827
30231,A*02:01:01:01,2.4614000132433485,-0.1539204363303726
33103,A*02:01:01:01,1.0877947499969551,4.178063918487213
31896,A*02:01:01:01,-2.319033858235034,-1.0323199817145516
34348,A*02:01:01:01,0.4649396739402361,5.897413976905836
34501,A*02:01:01:01,1.409182364466139,4.245104016139228
32743,A*02:01:01:01,0.2687031644093529,6.450902167099767
32844,A*02:01:01:01,5.63675102027158,-0.7680564942429218
31978,A*02:01:01:01,1.5082605740972537,0.17751403476940986
31845,A*02:01:01:01,2.5410876325574994,0.5157016384572222
31808,A*02:01:01:01,2.1473761020979314,2.6625837376514734
31700,A*02:01:01:01,9.326837001437331,-0.7733623274337955
33046,A*02:01:01:01,5.021576468061229,-2.1757810368290422
301,A*02:01:01:01,0.3357356883122983,5.251046479052871
32558,A*02:01:01:01,4.959806170456634,3.492113960771774
33042,A*02:01:01:01,0.7452143105507859,-1.1929400838218411
32853,A*02:01:01:01,3.4465765646337783,1.8981426326503015
33023,A*02:01:01:01,1.4953785118443674,-0.7250480682971153
32039,A*02:01:01:01,4.317559652448894,1.2715626030199303
34534,A*02:01:01:01,3.0549317448925644,7.258932000445154
33143,A*02:01:01:01,0.036586590577345035,1.4131790630266858
32024,A*02:01:01:01,1.77563479121712,-2.349600391642892
31933,A*02:01:01:01,1.761342401895211,2.135213489510198
32855,A*02:01:01:01,3.1561103464768516,1.5055849309866154
30072,A*02:01:01:01,1.5519310925223666,4.727676063840698
32745,A*02:01:01:01,1.6893113722245767,0.9203124551103283
32988,A*02:01:01:01,2.0330233773118223,3.6283085080100377
31781,A*02:01:01:01,2.568441972163576,2.864277193526185
32804,A*02:01:01:01,-0.15300056979770704,1.813119332320187
32799,A*02:01:01:01,5.485943884116329,4.638244007087785
32674,A*02:01:01:01,3.7823533705442243,1.0293889633310247
32658,A*02:01:01:01,-1.7766088374506723,1.6763553137786185
31848,A*02:01:01:01,3.875951709213252,-2.0444235682298317
32072,A*02:01:01:01,0.641456136767829,-0.8209513900345149
21458,A*02:01:01:01,-0.9160992294616945,10.563186487040626
32092,A*02:01:01:01,1.3683292051167795,-2.76408632483846
32358,A*02:01:01:01,-1.5082442758702588,4.262926777936158
1475,A*02:01:01:01,0.3623802707333566,2.5006944766806223
2061,A*02:01:01:01,0.44710069204039316,-1.1164178485043754
32089,A*02:01:01:01,3.7850812887779726,-3.166466960420273
32055,A*02:01:01:01,2.5026650775019794,0.659983978959354
21380,A*02:01:01:01,0.9118291775445954,1.6094972325924337
32697,A*02:01:01:01,0.06159323433850332,7.52026746051152
21382,A*02:01:01:01,2.272519325091625,-1.2478129470136021
32069,A*02:01:01:01,2.3106120251988367,2.5704968895524276
31858,A*02:01:01:01,0.010608304849283108,-2.420184363436988
32536,A*02:01:01:01,2.1799959393118744,-0.27318262928487946
32411,A*02:01:01:01,2.123604542988895,0.3270099894429094
30991,A*02:01:01:01,-0.12408326396981481,-1.4074056723113049
32252,A*02:01:01:01,2.299733442958852,0.7380898608794311
21663,A*02:01:01:01,2.300899766849251,0.7510033996799468
32955,A*02:01:01:01,0.041481330670663896,1.888131141214438
32494,A*02:01:01:01,3.184960970447353,1.5462087653064613
21963,A*02:01:01:01,1.3292186372216224,2.153131396783576
32050,A*02:01:01:01,1.560900326584997,2.0385524106163984
32500,A*02:01:01:01,0.4374373822340939,-2.185958278378248
32315,A*02:01:01:01,0.28060404422832685,-2.8307158968805486
32640,A*02:01:01:01,3.1659971988671756,0.8518060345991543
32047,A*02:01:01:01,-0.7665751055063301,-1.32052121297553
32031,A*02:01:01:01,6.28081197404526,2.9512418061276477
32341,A*02:01:01:01,1.2430706637078193,1.5599488292600285
31872,A*02:01:01:01,0.9268386662680151,0.590213926143112
33054,A*02:01:01:01,3.532789797481953,3.8207768173637118
32296,A*02:01:01:01,2.465586047098917,2.844066299407105
32369,A*02:01:01:01,-0.9311409816213494,-1.6990682835195536
32808,A*02:01:01:01,3.1376281932860137,2.6887600757263885
31975,A*02:01:01:01,2.9144195393809005,7.243718241270045
31928,A*02:01:01:01,-0.00021549831253064866,5.673188967739488
32453,A*02:01:01:01,2.26649929076942,-0.16966771919269852
32284,A*02:01:01:01,0.5559455920240801,-1.6446041546692982
21674,A*02:01:01:01,6.228388015535655,3.353680577370042
32800,A*02:01:01:01,2.3550427780704726,6.5403004589266
31887,A*02:01:01:01,1.201479762154127,2.126888883773948
32827,A*02:01:01:01,5.812802627119316,3.085512309954231
32518,A*02:01:01:01,0.9949480940459087,6.923471499292102
32720,A*02:01:01:01,2.9049746423760494,-1.5705376523361967
32533,A*02:01:01:01,0.8212483190560663,-2.550717854680235
33167,A*02:01:01:01,1.0535732422157666,0.7006551034339084
