residue_from,residue_to,TCRen
A,A,0.5482046726438223
A,C,-0.24643190408640578
A,D,-0.2803334557620871
A,E,0.803077671573972
A,F,-0.15112172428208073
A,G,-0.2056099095661504
A,H,0.9846695676277829
A,I,-0.5475369968703272
A,K,-0.6138789450070491
A,L,-0.33344328107603555
A,M,-0.24643190408640578
A,N,-0.639474492196013
A,P,0.12513165234607737
A,Q,-0.3124530051841996
A,R,-0.22595337274286487
A,S,0.42139746848924964
A,T,0.47950509929653046
A,V,1.217980236297437
A,W,0.5972881349529139
A,Y,-0.0034857254760164266
C,A,1.0070157614572794
C,C,-2.1855160880713194
C,D,-1.1208053510788911
C,E,0.9434350292688943
C,F,-2.0902059082669946
C,G,-0.3529346243230091
C,H,-0.9544146163571308
C,I,-0.8771832684211405
C,K,0.44276914456202826
C,L,-1.1739151763928395
C,M,-2.1855160880713194
C,N,-1.192264315061036
C,P,-1.8139525316388363
C,Q,1.3319817492869965
C,R,1.2022582732586955
C,S,-1.5176867154956637
C,T,0.33218038453967197
C,V,-0.027956767127531392
C,W,-0.6486488684720543
C,Y,-0.5562755483410393
D,A,0.08774440144498662
D,C,0.07326638226433349
D,D,0.4448299386968163
D,E,0.4941672985023369
D,F,0.16857656206865818
D,G,0.2964099335785434
D,H,0.8989027458703577
D,I,0.6884520213545667
D,K,-0.665744215088793
D,L,-0.30142706717707735
D,M,0.07326638226433349
D,N,0.37337097471467146
D,P,0.4448299386968165
D,Q,0.09425665815616917
D,R,-0.36760065289474686
D,S,0.047948574280043475
D,T,0.10605620508732437
D,V,0.2849155541528081
D,W,-0.18162586736445663
D,Y,0.09306900956051319
E,A,0.716154036088119
E,C,-0.17379272044643396
E,D,0.890918016545994
E,E,0.18256967465399826
E,F,-0.7716297212020546
E,G,0.5601764546337664
E,H,1.0573087512677544
E,I,1.1345400992037447
E,K,-0.2535576889152966
E,L,0.8378081912320459
E,M,-0.17379272044643396
E,N,-0.2791532361042604
E,P,0.19777083598604903
E,Q,-0.15280244455459843
E,R,-0.6980413645445653
E,S,0.49403665212922143
E,T,0.734465839730457
E,V,0.03785645144204052
E,W,1.363074499152831
E,Y,0.3568355306157363
F,A,-0.19167998576781273
F,C,-0.2061580049484658
F,D,0.8585527320439625
F,E,-0.12172932533167498
F,F,-0.110847825144141
F,G,0.24012909767995372
F,H,-0.36135089435416795
F,I,-0.5072630977323873
F,K,0.11954213469083622
F,L,0.11229572617006886
F,M,-0.2061580049484658
F,N,-0.31151852060629215
F,P,0.1654055514840172
F,Q,0.09246400754164942
F,R,0.0035625260336033093
F,S,-0.6369409210409199
F,T,0.5197789984344705
F,V,0.005491166940008887
F,W,0.6375620340908538
F,Y,0.3244702461137045
G,A,0.13374241466681508
G,C,0.6047722112678627
G,D,-0.2764272007950221
G,E,0.555669498260131
G,F,0.7000823910721877
G,G,-0.6536887783421428
G,H,0.5831107144866834
G,I,-0.6518443265434951
G,K,-0.528142671792352
G,L,0.23007876182645218
G,M,0.6047722112678627
G,N,0.904876803718201
G,P,0.976335767700346
G,Q,0.061827038079759596
G,R,-0.15058815379365514
G,S,0.579454403283573
G,T,-0.013025532050295562
G,V,0.12327420259639213
G,W,-0.4233099265944089
G,Y,0.8477183898782522
H,A,-0.19167998576781273
H,C,-1.5924523660683565
H,D,-0.5277416290759281
H,E,0.8433515707119119
H,F,-1.4971421862640317
H,G,-0.45301808287999157
H,H,0.33179628620577734
H,I,-0.28411954641817777
H,K,-0.06277942210311857
H,L,-0.5808514543898764
H,M,-1.5924523660683565
H,N,-0.5992005930580732
H,P,-1.2208888096358734
H,Q,0.3156075588558593
H,R,0.6967097065935486
H,S,-0.9246229934927009
H,T,-0.17336818212547486
H,V,-0.12804022568451384
H,W,-0.05558514646909152
H,Y,0.036788173661923544
I,A,-0.11874751627678115
I,C,-0.5386906435655985
I,D,0.5260200934268298
I,E,0.3930358964383957
I,F,-0.4433804637612737
I,G,-0.3155470922513886
I,H,-0.0007363524113552288
I,I,0.7696421760845803
I,K,0.14368444001243588
I,L,-0.22023691244706384
I,M,-0.5386906435655985
I,N,0.4545611294446848
I,P,-0.16712708713311536
I,Q,-0.2400686310754832
I,R,0.5464986247703707
I,S,0.129138729010057
I,T,0.03309567999007929
I,V,-0.779026595420181
I,W,-0.38811778508622424
I,Y,1.0905498961646816
K,A,0.8341729486178687
K,C,-0.5665994316826749
K,D,-0.19503587525019206
K,E,-1.1753179326258296
K,F,-0.4712892518783501
K,G,-0.5257774371624198
K,H,-0.2517886918426416
K,I,0.7417333879675037
K,K,0.6753914398307818
K,L,0.44500147999580486
K,M,-0.5665994316826749
K,N,-0.26649483923233697
K,P,-0.19503587525019206
K,Q,1.8522861170075313
K,R,0.11312472854512969
K,S,-0.5919172396669649
K,T,-0.2461275364079032
K,V,0.8978127087011676
K,W,0.9702677879165901
K,Y,1.062641108047605
L,A,-0.3207102455115438
L,C,-0.11204471337798716
L,D,0.952666023614441
L,E,0.12653464606606182
L,F,-0.01673453357366254
L,G,1.0273895698103777
L,H,-0.3850206384400726
L,I,-0.4131498061619086
L,K,-0.25634820298442096
L,L,-0.1990560903676171
L,M,-0.11204471337798716
L,N,0.8812070596322962
L,P,0.25951884305449585
L,Q,-0.02853408050481752
L,R,0.1402354320228779
L,S,0.5557846591976682
L,T,0.45974161017769055
L,V,-0.1517099697704186
L,W,0.3262102175531681
L,Y,0.13090146523240223
M,A,0.44739997352185673
M,C,-1.3588375148868512
M,D,-0.2941267778944232
M,E,-0.021645866774692723
M,F,-1.2635273350825265
M,G,-0.21940323169848655
M,H,0.5654111373872825
M,I,-0.05050469523667258
M,K,-0.33999019468760394
M,L,-0.34723660320837146
M,M,-1.3588375148868512
M,N,-0.36558574187656806
M,P,-0.9872739584543684
M,Q,0.3669008532434097
M,R,0.6426424853232727
M,S,-0.691008142311196
M,T,0.060246669056030176
M,V,0.10557462549699136
M,W,-0.920582583955696
M,Y,-0.8282092638246811
N,A,0.2311768650522208
N,C,0.5351525769901023
N,D,-0.009574598451569532
N,E,0.16759613286383573
N,F,0.6304627567944271
N,G,-0.03016123205995807
N,H,0.6676417600361815
N,I,0.45719103552039053
N,K,-0.16876670055175408
N,L,-0.06268442376551796
N,M,0.5351525769901023
N,N,-0.08103356243371458
N,P,0.21356895286264002
N,Q,-0.041694147873682225
N,R,0.09428554183102221
N,S,0.5098347690058125
N,T,-0.2793554605741103
N,V,-0.7412753065512558
N,W,0.462581884155267
N,Y,-0.3205135330676179
P,A,-0.12268711428086135
P,C,-0.6761616341942014
P,D,-0.30459807776171843
P,E,0.5068793340906989
P,F,-0.5808514543898764
P,G,0.4632726489941635
P,H,0.1494747294118228
P,I,-0.06097599510396786
P,K,0.8535113097710365
P,L,0.33543927748427843
P,M,-0.6761616341942014
P,N,-0.7815221498520276
P,P,-0.30459807776171827
P,Q,0.06874748092433339
P,R,0.31371745433744286
P,S,-0.008332261618545903
P,T,-0.35568973891942957
P,V,-0.4645124623057268
P,W,-0.5255887757148272
P,Y,-0.8386805636919764
Q,A,0.14163422563678038
Q,C,0.3830895805933279
Q,D,-0.34395915164229873
Q,E,-0.1255454617928442
Q,F,0.4783997603976527
Q,G,0.8293766832217475
Q,H,0.6979003204333616
Q,I,0.9982752196835614
Q,K,0.3033246121244654
Q,L,0.29607820360369824
Q,M,0.3830895805933279
Q,N,-0.009953007516279398
Q,P,0.061505956465865624
Q,Q,-0.050656300629783275
Q,R,-0.03579854784697707
Q,S,1.0509189531689833
Q,T,-0.6827328852517908
Q,V,0.23806380854307044
Q,W,1.2268096196326477
Q,Y,-0.695720080778602
R,A,-0.10551786572943832
R,C,0.13593748922710922
R,D,-1.1019368667745082
R,E,-0.20084729623240358
R,F,0.23124766903143415
R,G,0.022608803920106155
R,H,-0.5788711881140156
R,I,0.05797594775739731
R,K,0.6847811801806208
R,L,1.1475384009055891
R,M,0.13593748922710922
R,N,-0.4802486501967076
R,P,-0.18564613490035306
R,Q,0.25223794492326995
R,R,0.027204289090643572
R,S,-0.8056710506313355
R,T,0.16872731205010022
R,V,0.9072024490510067
R,W,-0.6297803841676713
R,Y,0.6665657402892796
S,A,-0.1527266676158382
S,C,0.625033396407685
S,D,0.3034497722802226
S,E,-0.35688935042541264
S,F,0.7203435762120096
S,G,-0.31497386208378614
S,H,0.4698405070019828
S,I,0.547071854937973
S,K,0.4807299068012512
S,L,-0.30927584096914856
S,M,0.625033396407685
S,N,0.925137988858023
S,P,-0.10201533582794169
S,Q,0.21070560104167504
S,R,-0.012543932997449603
S,S,-0.09343159213655032
S,T,-0.18947464115652787
S,V,1.1731548049173726
S,W,-0.40304874145458675
S,Y,-0.4537762649642452
T,A,0.18919371920302935
T,C,0.25475840769591285
T,D,0.6263219641283958
T,E,-0.17163853645328733
T,F,-0.34307859305970767
T,G,-0.2152452215498226
T,H,0.09956551829021063
T,I,-0.22866824188196344
T,K,0.31809428286772357
T,L,-0.3430785930597075
T,M,0.25475840769591285
T,N,0.1493978920380865
T,P,-0.06682521643154948
T,Q,-0.19803566849789309
T,R,0.11617224440976612
T,S,0.9225877802715681
T,T,-0.060758463749312056
T,V,0.21509315130348144
T,W,-0.15428452176013546
T,Y,0.09223947819813774
V,A,0.0196291078993941
V,C,-0.3396893975729885
V,D,0.7250213394194396
V,E,0.5920371424310057
V,F,-0.2443792177686636
V,G,0.7997448856153763
V,H,0.1982648935812547
V,I,-0.1299688665909194
V,K,-0.3504614945548997
V,L,0.6719115141054913
V,M,-0.3396893975729885
V,N,-0.03958480512265056
V,P,0.031874158859494524
V,Q,-0.11802842621900168
V,R,0.052352690203035165
V,S,0.328139975002667
V,T,-0.2198881977603679
V,V,-0.7470794340907373
V,W,0.504030641466331
V,Y,0.5964039615973461
W,A,-0.15043702723376368
W,C,-0.6349186756601523
W,D,-0.26335511922766935
W,E,0.8845945292459609
W,F,-0.5396084958558275
W,G,-0.18863157303173278
W,H,-0.3201079358201188
W,I,-0.7128802171298642
W,K,0.04745640791788181
W,L,-0.721930052649782
W,M,-0.6349186756601523
W,N,-0.3348140832098143
W,P,-0.26335511922766935
W,Q,0.24352183208290504
W,R,0.04480548456765236
W,S,-0.6602364836444422
W,T,0.49648343583094817
W,V,-0.4232695037716777
W,W,-0.19666374472899714
W,Y,-0.104290424597982
Y,A,-0.33845660514235604
Y,C,1.0333597367968814
Y,D,0.4886325613552095
Y,E,-0.15517725939921506
Y,F,1.1286699166012064
Y,G,0.4680459277468212
Y,H,-0.7312710650429209
Y,I,0.14446797911084092
Y,K,0.6659126958762382
Y,L,0.25320117924730645
Y,M,1.0333597367968814
Y,N,0.08070136075185158
Y,P,0.018628932109473872
Y,Q,-0.1940745542080525
Y,R,0.2622510147672243
Y,S,-0.090570359855518
Y,T,0.5065337716844498
Y,V,0.05542484181151994
Y,W,0.26764186340210094
Y,Y,0.36001518353311596
