epitope,score_tcr_p
GILGFVFTL,-2.199269238703175
YINMSRGKL,3.5458081540021698
FIWKHAFGL,3.6268416257693823
PIPLLTTPL,-1.8617145478776802
AIVDWWWGL,3.8007638042247347
NIFPLYLEL,0.2226547376385011
EIQKCMQTL,4.276969391790346
IILCVQRGL,6.220548701083327
HIVLWKIVL,3.14327464127094
YIQYSFIYL,2.3553972037332978
DITPYYYRL,0.13411886746165433
HIWECIMTL,2.373569088568666
FIIFETWFL,0.4698557782083863
VIMRGTKRL,-1.416339885765079
TIKGDSNLL,2.649837642958273
QIQCVTWEL,0.09064681982048026
DIWLSLYGL,2.2921840283947184
EIFRWDTDL,1.8465524903533461
VICCWIDEL,7.551879536335642
RIEWNHECL,2.7039869917567225
CIWNFFSPL,3.231853441229939
QITLEAMYL,1.258513788268848
PIKIDQWRL,5.778824616522288
FIPGFYELL,1.0891135912038497
WICHKKCSL,6.451097650781176
IITDCLYHL,2.5957631909485075
WIWIAFRGL,3.497119103997356
NIEGGERTL,-0.9037771965971713
LISKFVHHL,-0.8104342046180553
IIHKEVQVL,2.7204778235092295
CIQHKFYYL,3.502785946704489
WIIEVQNML,2.586339394289105
HIEFWHDIL,3.3935105594885147
MIPHDSWHL,1.9385659864054359
RIWYTPADL,4.138809168815717
SIVPAAFVL,2.421882022698918
MINHVRPRL,0.7248517867546969
GIFTCHGGL,4.733064273974721
WIEIWSGIL,7.386211572305759
CINLVCFWL,-0.13155848954711236
EIYPMSAEL,4.595596680379473
VIDKEMGAL,3.5802347220713466
TIRLACWML,-1.54160788252347
AIFFPCQDL,2.339588502515042
KIDVKMQWL,4.314659697032445
KIVKYTWQL,2.358654211910617
QIFPIDFYL,0.9478551235015141
FIQGTPHIL,3.321487476291014
DIQDGFFPL,-0.7079861169127488
LIAGERFTL,-1.3598650255222808
QIMDIGSVL,2.1748512564445575
FIGTVMHHL,-0.7750984097987814
NIRSGPADL,0.5879946060092464
TIMMQVHEL,2.557753972987662
HICHAHHWL,1.1960867992545938
EIAYEKGML,1.1338363483671456
FIDEYLYQL,0.9055579194186468
QICCDQCML,6.533606933679117
NIHMYFRIL,2.026542089645277
DILIVIRAL,3.402541670677726
IIPQNMGNL,2.930638867578545
WIAMGKNVL,-0.29204773218566593
TIMMFDKHL,0.2356650761562701
WIAFCGCKL,3.2908092198876546
WIFQTQVQL,8.914754055625206
PIWDSWGVL,3.6554670381454963
YINMFPNSL,1.0120807211220182
FIMVWPKCL,0.529268289530886
GICCLWDPL,3.1119435323011966
AIEVLDIKL,2.8056325333350367
IIMRIKISL,2.175019949941797
HIMHVTLPL,0.2051048627422317
KIPKQTAWL,4.0373666025803745
TIRQYNNEL,-0.44027744792992407
AIYLDYDCL,1.0963182348412166
HIFIRFEYL,1.9693416762860658
CIQAYCKNL,-1.6386783372523732
NIHSLGQYL,2.666380421747642
EIERECFYL,-0.2421012361304465
KICIYMQLL,3.9323769728539544
VIMMAEWVL,2.2547678268590636
WIEYNGMDL,3.316872033678355
CIAKLFAHL,1.4167142472465821
AIKSVKWVL,-0.01898834436492708
DITHVMRNL,-0.5170407040485283
RIIYVAKSL,1.4556704329278878
IISGGHKCL,-3.575995094875598
TIDLPILFL,2.166927755595137
EITNTVHKL,2.45829537110186
DIEAGPYWL,-1.1704610660418842
VIPYTCALL,4.109279980730686
DIKGVKEEL,2.5853883859150235
KIMMTEMTL,2.271654564385233
CIMSPGNVL,0.5503071595999542
CISEVEFKL,1.8599877704971728
SIPSSQNIL,5.146154715295495
VITQGHVQL,2.149299125375582
MIAVSVTCL,-0.7251776784874752
PIYWKCHIL,5.214467098526279
CIDTIYPFL,1.6381437607210743
DIHGWTRNL,-0.6292541281769016
LIMMKWLHL,2.787527691065081
NIPFHHHWL,-2.2296619674544105
LIKKFQYSL,5.627750018458379
CIPDWKLLL,3.8257685714766017
RIVCDYPYL,3.15921765776878
YIGSKLASL,4.933542238423351
GIRCGCPVL,-0.8710161589322085
EICAEHICL,2.0263510719056916
QIGPYSHFL,2.476876326485232
QICKTPYGL,6.842188757675
NIFRDYQLL,4.282963545169165
TIDVRTVHL,-1.2782806604352435
DIEQEFAKL,1.7708237506350146
TIEPMSCNL,1.1936433951639482
KIWCPVQGL,4.019358745319562
YIQQRIITL,3.465848792584397
HIRKYEHGL,2.7736563919250137
SITCCKDHL,3.373008865195764
QINKGLNIL,0.9969002423739363
AIQDTRPGL,4.695092414401118
HINVEIMLL,2.1498340556290176
MICFVCVPL,1.3698107035612244
NIVIVFARL,2.1870336958996126
RIFDITIML,1.0286054587435065
DIWSAILEL,2.7724277666452624
TIAEHSKTL,-0.6402694174863894
DIALTSASL,5.025532801945589
QIIYAHHML,-1.452723337976999
WIWDWGGML,4.862205869748099
QIPKTWACL,3.3247471151274013
HIRAFDEYL,2.730883482034578
VIADHRRTL,0.6810539323830912
GIWTCINFL,4.416549586623571
WILCDEMCL,2.8838132413856346
GIYKRDEYL,4.1595133702152465
DIDMMDCHL,0.7174373907603532
TIRYKIVHL,2.785316827365474
EILDMYNRL,0.9037236400713041
RIKFHPKNL,-1.263922140338606
AIFYIMHSL,-0.8451354205605555
PIGGMDRNL,0.7787999721481115
MIFVVYADL,2.175285541473424
WIDEYTDTL,-0.3739485123145262
FIAKQPEGL,7.359895481984729
IIEATGRQL,5.80993048387299
PIMAQVYRL,1.4900545486978065
RICYYQIVL,6.262380812132038
EIMSSQVQL,6.074142203447558
VICPKSDWL,7.923239860128915
YIWTDVMEL,1.6848896608513362
WIGHVGTWL,1.4425204333545867
FINVNDKPL,3.671070808510672
PIIYNKYIL,3.924565522664167
YIWMIYQTL,2.2015738223753942
KIAYTLCKL,1.1499046358854832
VITRNDEQL,8.074752349514693
CIVAHHMAL,1.0316198631608045
WIKPHNQKL,3.30846063372248
HIFTQREEL,5.033321612812758
VISMLNEFL,3.2012625880857035
HITPRQVGL,5.8358582858680865
IINWHIRYL,2.822219174163031
DIRIINMNL,-1.9947804472070667
NIAHNVDPL,2.50374963992497
RISNRSMAL,3.518395862354664
WIKMGDLWL,1.9279439468717816
EIGSGYSFL,1.529055857681852
IIAQQKVNL,2.463872863333346
KIKVPHTNL,-1.0825556623139307
HIQSLQTML,0.6910335225236941
TIHYYFHML,-2.0584229949984736
NIGKNIMML,3.550395705208701
WIISHDHVL,0.5250144936799227
GINLSMPEL,1.4167280241905977
CIPIKGWHL,3.8507215550151996
TIGGHWVPL,-1.0014584499138066
WIKCYWFCL,0.32750711503551216
IINTLTQWL,1.565790362603118
WIFHDAWPL,4.027120096700958
LIYNANEYL,2.967836092633699
NIMKRNYSL,1.2430530824455224
YIQQYPCPL,0.4538832821531835
IIIYASYQL,4.440230430709603
DIWTSCDHL,1.3644604651268009
HIYDRMVDL,0.4205972913157765
CIDQYLYFL,1.6881430103410606
MIDLYKNFL,-0.693915827724039
NIILCYNRL,0.7004696539130453
CIIVFIFTL,2.357260238913715
NIDVVTPAL,1.4381277838163946
QIQKWGCML,1.5080967707155917
MIHFTDRWL,2.892298499579436
NIAFDKKNL,0.5672734102106192
WICQWHDLL,5.222218138404504
DIGITWMNL,1.430951049889041
NIPPWPPIL,4.166395802947589
VISTTMGKL,4.340171967096017
YIGWKFHFL,5.0681713490224665
EIDGNLCLL,0.6080173468238667
VISQENEHL,1.935800945778977
WIAYFMCWL,-0.47474220318045335
GIYMDYWNL,0.7259336004160069
RIEREMAML,0.06342395193442288
DIERHSGIL,4.273941239414465
MIINVGRHL,1.2981248084809474
VIFLWFCIL,2.693012038300504
YIPPRYGWL,1.6879875262421828
NIWQNNGLL,4.343247667713424
MILLQGAHL,3.850333947793804
CITYWDGGL,6.9624684686657545
LISRWGMAL,2.9953525912887495
FIWNQQASL,9.429956899543587
WITHPGNTL,1.2186080745389904
FIKARPQVL,3.714626236184408
FIVSQEVEL,4.216776633458287
EIYLHCHRL,-1.6357576475165778
AIRIFPPYL,1.111871248739471
QIHVSSECL,3.5811563832363573
YIPDRIECL,3.280292351131141
GIICAKWLL,1.4260536478463517
WIGFFTSPL,2.3466217425287414
IIMHEDGWL,2.487942295048897
IIGIYKIAL,3.9383123671672724
GIPDCGNCL,2.0156482361115686
PIRSCPNNL,0.020640169176690065
HICCLCYML,0.465110919488809
CIPQKQNML,6.440307317455616
AIKHRNPAL,2.239572865660116
AIILWATRL,1.6481765354803042
FIQMHWLSL,0.5741483637667932
GIFNAVYCL,-0.42122216225413966
FIIACSDWL,4.005982554228281
GIGTMHYML,-0.230536717570767
EIGHSVSRL,2.238942072560464
AIFLVLYSL,-0.10746472715738808
QICILTCAL,2.058985123977763
EIWLMCRLL,0.7654139882425629
KIWFMQAKL,5.440408569898066
EIRWDKQIL,7.786078562132376
HIDWFTMAL,1.081715206746288
KICAENHVL,0.6708223378875178
NIQLQEASL,5.209501317011744
FIPGDHAKL,1.940344463270061
EIIPTLFYL,2.486315360152026
FIGDGKRRL,0.9382189228309608
AICFLRCQL,3.154512756965465
DITTYVRFL,0.8436916606435096
YIFSHRQSL,2.115913616262983
HIKWAWPYL,2.930254917221699
DIQESDDQL,5.145386984719882
HIMTMETSL,1.8397405841085284
DILKSFYKL,1.520161021715389
HIISTTDPL,2.733065558621071
SIFGKIGCL,4.0639004598637145
PIFGCLGGL,4.363585626181009
SIEDPHPML,-0.2229114319358545
YIFKNVVYL,1.6740583352718639
IIRQQHSCL,2.9223524865156554
FIHCFKSRL,2.2934005833971534
GITAFQGML,4.826508961450271
TIINAFMHL,-0.04360544242378794
DIMQQSSIL,7.758795937273086
QIWAEWEFL,2.8421825462853696
IIGFRTVDL,0.2438156143339529
QIHRFHWPL,-1.0972141497045966
IIQNENFNL,-0.6939086857176706
HICKAKTGL,5.000442729243344
KIHVDQWCL,4.219670597181443
PIDLNWYNL,-0.29742635643589654
FINTQQNNL,4.801633567163663
GIYIYHEYL,0.8809667435909323
EISAYSPAL,2.703084687662419
EIFQWVRQL,3.6255935503372854
VIASKASTL,5.386686585692076
CIPLRGWDL,1.4951786489307464
AIIGTKQWL,3.806810422421532
VIELWDNEL,2.548932692990598
AIRDGRMFL,0.6256510896524848
TIGRDQIGL,9.005204634903091
DIVPHECTL,0.45141382122133167
GINFTRTPL,1.9486472634257714
KIVDHLAYL,2.1962156979182623
SISPDEQVL,5.493042877236554
NIWTRMLTL,-0.07765527695463759
IILPIWNWL,-1.036883532937669
AIDSLTCPL,-2.097929234983898
EIWHRASFL,4.8234912054173265
LIVYGHLML,-1.861122798515471
SISFALPLL,0.8886418538146935
QIVNKMNPL,3.320402624873151
GIKQCGKCL,2.753950744983537
QIHTVYFTL,-0.6789863912114195
GIPKLGHRL,0.8096834192504754
YIIELCEHL,-0.5769575240316592
EINHGSCHL,-0.32941567848853326
VIPPYKTML,-0.4140977320534557
EIHRYAMAL,1.9846798291787457
IIKRICMVL,-0.6352482077368842
AILRNRFNL,0.516111795102163
TIVQDIHRL,4.253619456647606
FIEHIKPIL,2.5240879944732075
CIWKQGSRL,7.009285514686852
VILEKPWSL,3.9761340849018993
CIGFHWSEL,2.5914648789308976
NIVKCYMEL,3.6242326169233885
HIDWVGWPL,1.3926029717308015
LIYARTMWL,-0.9303138766874702
WIVFWLCGL,3.63791902105263
FIDKCFMCL,0.5725391447379793
VIQICHKLL,1.8970964362958584
WIYFAGYHL,1.2596552983239737
TIVNITNFL,1.2424369008152143
IIEEKPCEL,3.7466936682790215
KIQDVELHL,0.9637772083688807
TIYGHWDLL,-8.780773044697598e-05
QIPMSVLPL,1.170808999779369
VIKHHRYEL,1.5275627327772703
SIAGAFAML,0.07344444806556821
YIYEIMVYL,-1.3971800218114063
PIITTERNL,2.5425664830775125
CIWRRQTPL,4.56965071879274
WIWQPQVAL,6.218908273173687
WIFMIIWPL,2.2813454651522744
EIKHHEPYL,1.9486238448838689
AIPITFRSL,2.672338012160353
YIIVFSDSL,3.7202489690286153
LIAVAPMCL,0.3511878174034013
IIQSNVETL,1.4950760154074179
TISNIHFFL,1.0463450132455563
TIIADGYGL,4.311567861494369
EIIEEDKQL,2.9547766438566474
LINFWKMDL,1.3840350143376883
NIFSWTDHL,0.5993339051046637
KIVNPPTGL,2.967273152614758
MIEESWAWL,1.9489707195451929
RICSWIDML,4.321307414081896
TIHKSCGEL,4.094353362295038
GIFCTIASL,6.137011158844719
FIKWNNMRL,2.920381480565087
EIFWKHGPL,5.309369143357868
TIYKQFMHL,1.8722577809989072
CIFMKSSFL,8.302505147785464
RIGSTSFKL,3.1494348806348644
WIQFNKNQL,4.205534635636162
QIPFEAWWL,0.2480490104642671
LINDWLPFL,3.7441564625100296
RIYGPARPL,1.2879016360775495
PIRPGFNYL,-1.884942911195008
PIWVTKACL,3.659712805326192
AINDRNIQL,5.199178486170807
LIYFSYADL,2.5195048203424637
MIWVEAMVL,1.6580219087189563
TIKQHTGDL,2.2202924669616775
PIIKGLLNL,-1.0498647180893848
YINEDEPFL,4.450108202209107
VIYSCHHLL,1.48156143365568
WILNHAYKL,2.5530489298848247
PIREYPVDL,-0.8070840695795312
NIYMTSKSL,4.023885322384578
RIGTDHGDL,3.4198082998113506
YIFAWYMYL,0.7205678584347625
TIDFDMAEL,2.832799380228095
KIPNYLHNL,-1.351685008818356
FIYQRMRKL,0.7002745303886828
QIWIADYDL,2.344019575510416
VIKWRPRTL,2.8231742856850297
HIQINHNWL,-0.0788992008215662
PIFPALSRL,1.954601146035519
NIPIINEFL,2.4422174452025898
TIHVYDENL,1.9733274077146825
QIIITVWML,0.22691679516692032
CIMCHQESL,6.308229328227174
YIFCKKHIL,5.426705454708763
FINRMPAVL,2.5200647377142475
WIEPISEKL,3.7291738663214593
FIKHEGATL,2.627835058993167
FIFCPAAFL,5.0237738812238515
HIWRRANQL,3.4405598016757004
IIGMDAPLL,5.129590827418934
KIYVSDCPL,2.523478354725672
MIRCESAYL,3.409901413250485
FIDKPCVML,-0.9602776035017545
TIRKIECKL,1.1831777656661842
HIIGWFILL,2.1611477170023163
CISDENTIL,3.137097265841053
FIDDSIQYL,5.791056373754188
GIYAEHPSL,-0.019022048171465022
AIPREVDKL,-0.09318656539812059
PIGDCDHCL,3.093562334388536
HIADDHIPL,4.074816474981731
AIITLMNEL,-1.15157399289211
NIDMSIATL,3.5378503798146332
AICQLWAPL,3.6436787073211274
WIWTLMSAL,2.552265727324558
DISHRMEML,0.8875994835443082
TITPICRWL,-0.16041574199921044
TIEHSNVIL,2.475470664417152
AISETHYEL,1.7265226385062769
CIHIPTKKL,0.7892357966083653
SIAMSPYCL,0.7754364014569307
TINRFDPGL,3.1478159512060637
SICSDVSSL,4.116551427144117
MIWKAMWCL,-0.15964669380324503
FIPMIDHDL,1.259699978824821
TICCEMISL,4.360096443739756
EITWMWSCL,2.7174429574104795
HIWCGGNSL,0.3840079530917225
NIPAAIFPL,2.199869021930457
RIFYEWTCL,-1.9212524587262814
DININSHHL,2.5164859124891685
NIFTYNVKL,-1.18217664891507
RIVANQFWL,5.050775704563552
YIDCTASRL,4.7994313737366845
WIEIHFLQL,2.852106393142168
KIQIHYMWL,-1.8037635913062544
DIVGQQFAL,7.108707581796338
DIWWDDHGL,5.622223439031231
MIGRPFQQL,4.939636019479758
PIGYHMPAL,0.7711220045689954
DIPYPIEKL,2.986433573107447
EICEFHKPL,0.8931695528836825
IIMTMEWNL,0.5934655089822806
PICRSKFDL,3.1896661908382757
YIGNKMSIL,7.1207396774951555
DIEFLTPEL,-0.2374830302972041
MIILFDERL,2.317682943809676
MICFDEETL,5.637156223342963
YIVDPCCHL,0.3015864385092649
GICKTKYQL,7.645848800768824
TIYMYRYAL,1.2221366478146212
RIAGNVGRL,1.871600648481628
SIYNMWENL,1.867302160436143
VIGQRVVYL,1.1374857585015345
HIANHKPWL,0.46491886919694536
RIVLEPLNL,-0.3857105601484764
NIGAHYMPL,-0.4466759720083423
GIYNMEYVL,2.378008981893637
LICDQPWDL,5.811901222879639
EIKKSCPHL,1.962288879059266
HITWPDHFL,3.974205276233022
IIESRRYRL,0.2168377454633283
PILYGMAML,-0.9111926537612944
MIYCDHYYL,1.6078985393935779
GIWLWDEVL,3.4545847338994204
GISLMIAVL,3.2638154995034605
TIYGVMQIL,3.4367120323127986
TIDSPWWPL,-0.9214446654906666
NIHYYLGQL,3.3941494913219565
EIQNPDDSL,3.8031477635916175
SIWGPFYRL,-0.9209749261119714
RIPTLWLFL,0.7827463613277692
PIYMAEKTL,1.0700976213085183
DITQRAMRL,2.6278614198604147
VIQILVIGL,2.709396894606753
KILAGVAPL,-0.386669134426836
EIDGRTMVL,-1.6887015574709132
YIFRQLATL,3.2339572050702055
RIWAKYHQL,4.869278847746274
DIWATIQKL,6.148692626562048
PINDCEESL,6.2654926970542695
AITCKWRHL,3.2813384414994595
SIEWMDLHL,2.218340275555594
CIAEPEWDL,1.745169290368621
LIEEPRYLL,0.34987532753341705
DIIITQNGL,6.768906744947234
KISFHRYPL,-0.6224436395689905
SIIWCNPCL,1.8081219034683638
HIVFGYHNL,-2.090229184430741
YISYFCKML,-1.5732739711499972
YIRRGWQIL,3.2340682232258677
FIHCFVSGL,2.779929646703713
NIKLWLYLL,1.4122330093573958
WIGDRNSGL,5.0731174544993936
EISASKCNL,0.40928777002963973
RIYLYGNCL,-2.027254922246618
PIRLGGCKL,-1.0607443481575975
GIWPLDREL,1.8052465065004228
RIIDRIGEL,4.9643563939318645
YIKGYPKAL,0.7706729256236435
LIIFKWQVL,5.26019617779647
RIEVQQSVL,7.772465534868656
TIMYLKMFL,0.11281787786828446
SIWADAEEL,5.438900068173642
QIWQKPRFL,5.580979705128824
QIAMFKPSL,1.6372918241000374
QIHGRCAPL,1.0902739673048343
DIINTEMFL,4.982897213891738
AIPARHLGL,1.3309617878458349
CICYGHLYL,1.445538483892738
AIARPCTTL,-1.5089390495997395
QIKHEVYTL,-0.9474671155429815
CIICMVGCL,2.0085277860120723
LINCTNYAL,3.6783542159312956
WIMNQSNYL,5.05667382028084
YIVHEVQNL,1.3937293708495953
HIKPTRNTL,1.6288991348895343
YIDQWGMAL,3.088601303542807
EIGESADPL,4.256991800722105
AIWELCDTL,-0.7794609616965813
AIDEELMHL,-2.3190565560744187
CIWKGQTAL,5.305045486079498
IIAKVFIDL,2.843046423144862
KIANTNDFL,4.672124972121056
YIHNGMHDL,-0.5367212472425813
AILDEGWWL,0.9104761349973505
QIKDHMSNL,0.638071486599162
DILIHGASL,2.7515740525376957
LIWLDDAIL,6.362742978528812
MISSGTSDL,-0.21987276429419986
MIKHLGNRL,0.10853426238274705
RIRIKHDGL,5.017779418329599
EIISGEDWL,0.48543972528773427
RILVVKLYL,1.4297813654523766
RINMIQRLL,4.18758276941405
LIANMQWVL,4.504441314877791
RIEAFFRGL,1.3641202600207922
FILFTWDSL,3.703610265860254
IIDYWEALL,3.5201650878221886
NILNLDPML,0.8881866478724453
DIMISNICL,1.6216858362430853
DIPKDKLFL,4.502166722832539
FIYMDQHPL,5.790700846529436
GIYGWDHAL,2.5109210202352306
IIWYEMMFL,0.725760296438355
HISDPTRTL,0.507159924970965
KICVFRFFL,3.438127913059565
SISHRMDWL,0.5635893628578028
IILMNVNFL,2.3313871246693774
EIMYINDKL,0.07897222046349095
PIGSQKKLL,2.8165120754535042
TIKSLGEWL,1.49517846994706
WICESFTHL,1.832934426043082
IICEKTWDL,4.212587612924009
FINQFWQSL,4.062474313980896
WIMTENGCL,1.0468940946369223
AISLIRHDL,-0.829666384116254
EILDYWNLL,0.1713968146169934
CIKWRQIML,7.518067974177846
AICTWTKFL,3.6791547403634475
GIYHFCTHL,-1.6395518216415028
QIMFDWSGL,4.298019790109391
HIPNEPGLL,3.1912709865137896
MILYVNHPL,-0.4449582901551501
AIIEPIYAL,2.609846554790531
GIEVLTYQL,1.9676213744887494
QIAICWHCL,0.831400033643606
MIHKLCWCL,-1.600593298811792
QICRWPPEL,4.1249424635639516
VIVITNIVL,4.960177719966702
FIEAVRWIL,1.7851476343412866
TIHGQQGEL,7.86908702047652
SIPRSYFHL,-0.46703078294174327
CIVDNTIVL,5.566932246368064
LIAHTGYIL,5.126192532619219
PICNFVQTL,3.879453044836257
WIWQLKRSL,2.0560511682813933
WIHQATMPL,1.8528988094447498
SIRSGGDTL,-0.4238966264558929
WIVAGYVSL,0.23986402420388495
VIGMCTSKL,4.6207764519397285
AILWFVNKL,-0.5587816570667931
AICICTTCL,2.3224981688360957
RICPTSHHL,4.426360887470925
PIHRQFMKL,1.7268389026713864
WIWCYICVL,2.1148671950835296
DIDACMFLL,0.9812708714109559
EIQAFTQAL,3.2957865717405728
CIMWENVCL,0.011292835583620042
VIERAFFAL,2.016998918815276
HIDILPQGL,3.6162421308429034
KIDPGSVDL,-0.5010860641545196
YIFRYEYWL,-0.08212168875804116
FITPISEML,2.665059144558249
LIRFMKYLL,1.0641947671637229
TICSMNETL,2.821126399724405
WIYAWPWLL,2.0412907893735452
VIHVYNHEL,0.9806916356660825
IILNRVWHL,-0.6328623655928469
MIEAHYDIL,2.293442116533416
YICWANIRL,5.2052573678277
CITPYECRL,2.2288805033692043
YIFVPYHWL,-0.11831554720007362
DIVHWFNML,-0.23946287450650494
KISANGNYL,1.9965133627090748
CIKCELWYL,1.732851652622541
QIRWNPQHL,4.768031413721671
PIMPEKGTL,1.409135333961097
SICCERACL,2.7267687247723615
WIKQKFCNL,3.4035849520352306
MIYGMVVRL,-1.3905672584576039
DITVIENVL,0.8324169265140657
SIPTQYRRL,2.6756383063942693
QIKCVVERL,1.8651856830445939
NIFRVLAGL,2.954540639723993
WIEFYNRIL,2.1398489082096583
LIIQHRWAL,1.0819348642006006
TIWFRYMCL,-1.1827890405620176
CINDFLQHL,3.6310045496543686
GISPRTSFL,3.036688574996356
AIVHIRPPL,0.8668614531565628
CIWGDILFL,5.337673882829794
QITNEDRVL,2.4189864725041135
KILWLTEIL,3.3297405029809974
RISFMLTEL,0.5745009251484349
SICGQHSTL,3.6415197517135467
MIIVPDAIL,5.5155362553720835
MIKSEIAGL,4.864840380260667
QITPHYHRL,-0.3392067105689751
PIPFFMCAL,0.3695729205328738
MIGSELAKL,1.2920913923598265
FIMGKTGAL,4.734251955569849
NIGSHWNNL,-2.2913151838710033
RIWHYCMIL,1.0304938395755299
VIWFGFNEL,-0.7375667104463535
RIGWNDDKL,5.456932826155424
HIVNYINTL,1.0723398684543815
WIIIYAVPL,2.0660016039633455
EIEGMKMAL,1.493976401378165
PICERSNSL,3.0812219841376147
SIDCLIWCL,-1.0505746106287825
IIIAVTVKL,-0.5220894467028959
IIIHEWKVL,-0.31066328101736984
PIELQLYML,1.2511227169519423
AIQCNNKLL,1.4730674283861753
EINYVHCFL,0.5676211881230284
AIQFECFEL,-0.3311725884281948
YISPYAGIL,5.17726778234424
EIDPNDIQL,7.070820612235125
YILEFGVDL,0.45618382691029785
QINTATTKL,-0.02686885542038797
YIMSIDDNL,0.3176868078604784
GIQMDTINL,2.6398965338181024
YIQSTKSSL,3.594967918067927
WIKEMFNTL,0.07322254191473812
CISDQKIVL,6.668894452016003
RIFVDFPGL,3.824609528869929
LIFWRIESL,5.08023621350724
MIQDAFPGL,2.8409516816442255
VIRDPKCPL,2.1010820170747277
QIPKNPGHL,3.8249724556456846
YISTQSGAL,7.34924345031748
YIHRKGRSL,4.572871349491668
FIQYLVKGL,-0.7626293516517513
TICEAKQKL,5.121005289736782
TIEILHHGL,0.2805628093681267
EIQRTMYQL,3.6656079991580484
GICRHHQML,2.2217667827536762
YIPPTNMKL,1.6030728915276682
SIYCRGFLL,1.5649059095001079
IITMQVRYL,3.5972202892954
NIGICQCHL,5.151472075091911
LIPSHCHYL,-1.3617131063194976
CIISRYLTL,0.39059933955524717
FIDYDWHML,0.05115203846938443
NIYWQKSDL,5.489351714873141
KITWVMSFL,3.57209668186304
FIFSSRLSL,1.5343170112174258
SIMVYDAWL,1.9796591584074978
EIAVAESPL,4.047252110446245
HINWLRMHL,-0.6888048309558822
QICRRKPRL,2.6122945807674416
QIKIAIPML,2.4872391342256797
DILTMHFVL,-0.21576566615270854
TINDSYIML,3.054369153942407
SIPMWMLKL,1.1784004536959882
MIGKAPYIL,4.33016846090708
CIMCGLWKL,-0.36727024100107464
LIHILEFCL,-0.3303886849642107
EIQMLANEL,1.0379990415103475
GIEPKGQWL,6.362523491610465
GIQIPAFWL,1.1973999900207095
CIWDHHQCL,2.283931334777512
MIQFTDTHL,1.4273950375778472
PIYKECGHL,1.2186139141713002
KITFMKEPL,3.0042733893323468
EIVVWSHNL,2.492433015747168
IIKCKKHSL,4.8734915648268995
EINRSADQL,6.214455087985711
MIYGWMCHL,-1.227026592303703
PINKWWIIL,5.992662994955346
WISQQCRYL,4.440204513091359
PIFCRPPPL,1.7366254876655043
CIYIDWEHL,3.7764355657984887
GICWFVYGL,3.8754613733059173
CIHSEQKTL,3.023166179619434
TIVVTYEHL,3.8096249320130413
MIWYSIKHL,1.3003480658051805
DIKKEIRLL,3.4725776137046944
CIKQNREAL,7.0103850306670115
LIQYKWECL,3.120654325762913
MIWHNDEHL,4.015396826824787
LIYAMYVAL,1.2741797330655171
TIDKIYVLL,-0.3692498678515439
IIESRGNVL,0.17155977915380977
IIYKWLQLL,4.838373378954159
KITAAGWVL,1.0957812363986768
TIHISFCPL,1.1610556068618236
HIKFCSVSL,3.930937992351959
TINHNRWNL,0.7008877194260432
QIITVIPFL,3.286101550888831
AISHFMSSL,1.6103308140338946
IICFMIMFL,5.140109156231599
GIDCCFGKL,3.1465726469024586
GIQNTSFSL,4.518908702777391
PIRDNWEDL,4.321080637166987
WIMGSPRFL,3.002207725671986
AIEFVMLML,-0.9999860495642954
QIEAHQKEL,2.9035299014679747
CIDDWTKNL,0.638398660744143
YITNPWEGL,4.958026803296615
KICMIHYKL,0.9966493453911351
LIRHCAQFL,7.341315518044411
NIQCAPVGL,2.5749864792566943
EIMGRYCAL,0.48013881692670635
MILTDKWTL,1.2602285793533081
EIWFGRDPL,0.5882375519493003
FIGLSDYVL,2.0648589966621276
TIWLNISQL,6.718887210362552
AIKIHFKHL,-1.3972208256062832
GIHGSNPKL,0.49304054383446333
KILTPGVWL,0.15271090249966351
FIMWISWDL,1.7135477374039583
PILQPWGML,1.7521184614583731
PIAHVFDVL,0.6321167279699774
SIQMCLNDL,1.3122088696654854
DIYWGMWWL,-1.4102893469949074
AIETPGDHL,1.5921192982255217
EICWCKDLL,6.87863449781723
KIMYYAIFL,3.476527555707718
CIMDLIRIL,4.63822181822978
RIRNFRRDL,1.0550770914518501
NIYSYTSQL,2.377450141100593
AISFSVEIL,3.806298422496858
GIIPVGDPL,2.8037809891711234
PISRGCIDL,0.5356775597249861
IIGEHVQML,0.6656647775491393
AIKRIMLTL,-0.8178442630302112
GIKAAEWPL,2.206125579823188
AIFTCECPL,3.1755563991433364
NISADQSSL,7.206042636445147
AINIYDATL,2.0678255103140915
TINDGFNWL,-1.5951108893541455
MIDMIRSVL,0.6319026406660789
LISDMFNWL,0.2213037615510719
IIFFIQALL,4.90922582683186
MISHILDHL,-0.08269542772500704
WIVWGSKKL,2.3129098084834494
VINIINNHL,-1.09796534028073
LIRFTCTIL,3.0074707956621607
SIKSLSMCL,-0.8067962840365284
IIKSLCTLL,-0.8790581083414801
HIWAIGMTL,-0.34352624547267097
AIWMMTCLL,1.1436020499619253
VIDTIVFWL,-1.4832682142203362
DINRWHLVL,0.3445369511827202
IIFQKHVRL,2.591052470649451
SIRPHFSWL,-0.27790295000431053
NICSWTSCL,2.5814749706577698
FIQANTWGL,2.473001162289384
KIIYCHKNL,-0.6386434199767053
DIMDTDQRL,6.483798589187888
EICKLTLCL,1.1050710532350672
RICASYMTL,1.7180376047470394
VILKVGYDL,2.891603374432542
PIMQKPILL,5.8926004663418805
PIGWILAAL,3.738216839144787
EIQQTCIHL,3.262823180753391
CICTYGRWL,3.307541916271478
RILIRHYCL,-1.2506115670780895
CIWHPGSFL,4.98343744739157
PIILVMAIL,2.757042651638308
LIPYNYQVL,3.901190912769956
NIVTSKAIL,5.753233218791485
GITKKAHRL,5.62437443402807
LIATMPYNL,0.3301200062224581
GIKYMERWL,2.064907677842442
GIRGPGPTL,0.0482712095082638
NIFTPKGAL,3.6146278012006197
RISMSYIIL,5.371096370208159
MIFHSCKQL,2.6957408160232745
EIGTEKYYL,1.2321283146442354
WIKTPVKML,-0.25238565494436016
PILYIFTVL,-1.7066833528472842
VIPQQHFAL,4.482580850563409
RIMSIKPLL,-0.15384259778206266
LICFAQRFL,7.4916091703179095
GIDTKFCNL,0.8936943017193439
YIDVCWFLL,2.2041057311997663
YIYSMMVTL,-1.2637291203765186
AIYIDDVGL,4.383211325514355
KIHFAWIGL,3.825197348452077
QIPPWDYIL,4.349723912850012
DITTDATDL,3.636215572420153
MIELNVFYL,0.6570604989255477
RIPRSPEQL,5.173152825086122
WIIVRAMCL,1.881079679504965
SIVQLQHAL,4.683642685074215
WIEAMFWDL,0.8804580294740787
HIPHEMSGL,2.5393129619772923
AITKLIIGL,5.625034933611151
DIFSPPDHL,0.3621795870910537
DIIRKQADL,7.911594752695716
NIDYLGMLL,-0.6359106804128948
TISLGSGHL,0.8325855071407902
WIFWERGGL,5.205956950026237
IIYNPTLVL,0.9097365383111751
TIVYIFQHL,1.2838264363144676
EILWGCGNL,0.5676838113385285
EICCIYRGL,3.9325385807223414
RIQRLMFEL,-1.2680590553016375
MIVPGEAIL,4.4278499789158206
LIPMMFTAL,1.6710105165521405
YIVNYVAML,0.931690825914187
FIWLHQTWL,1.725193113398762
AIVIVMIML,1.5432643612110302
LIDIFPNFL,0.7906506962368043
GIWKINGCL,1.0400700650773376
KIQCPNFWL,-0.8204390692474992
GIFCCCGRL,3.79143240869592
PIMHEREIL,3.457822410094296
LIQDFHARL,1.5677720128188777
HIEEDYQVL,3.7682421873922975
KIIWFHVEL,0.32596819503839525
WICSVWSPL,4.045069815477798
LIQMWFVHL,-0.1983376033688643
NIVCIFTHL,-1.0530788182146682
SIQNKHNML,1.0269527369460192
CIDFWVGYL,2.421969027768979
QIRWPDITL,3.3694722465805236
AITMFTVYL,0.5072267913067127
DISVTDKYL,3.705782688527277
WIEICMWGL,4.040811944625631
DIQWSSFPL,3.400460859513715
KILFDTMEL,1.3701605955328922
GIKCAVGFL,3.933064201359282
MIWVLENQL,2.734531118890994
FIVLLVCPL,-1.3940987410496581
VIEIRFEHL,1.8298909436101556
WICFRQTIL,7.908380761212134
MIAPNPPSL,3.394807513569897
PIDPDTVSL,1.2746628339926427
AITGDVGKL,2.3983816472635224
QINPVELDL,1.9660383402302106
YIHTGRVEL,-0.48286577674396175
NIGVTRRIL,5.377037688692468
PIGDVMYTL,0.29906283020395574
KIWIIPLTL,-0.10870435002340922
LIQLAITNL,-0.003423632014583164
RITLNNTVL,0.7079200651588281
SITLQDCCL,2.418598882294642
DIPSCKQCL,3.326200493028541
MIQSRMDVL,0.058595516003458026
AIRLYWNIL,0.1229492962391302
HILFCNNDL,0.902146271954152
TIFFSHAAL,2.9645951744667656
HINGCDGIL,6.28214595132878
IICLVCEEL,3.71456810727265
LIIATLQVL,4.301707666935416
IIAMRKFQL,3.6744027537113504
MIVSLYCEL,-0.41458467237252405
DILDMEAFL,5.540802129969533
FICQQWAQL,9.324581012905396
AIIQSPWGL,3.4566683077837337
PIYRLIMHL,-0.8300095059581872
YIVCVKDTL,2.01792550460272
TIMTYDLSL,1.4691707165960346
IIYYYSNHL,-0.7653491293991423
PIHPFVSWL,0.3207393066893076
RIMINTMKL,1.125479496838843
IIMMKDYLL,4.918275891720425
IIVQPQKGL,6.349629948999892
LIDPQVLSL,2.4476433217677904
LIEYCDCEL,3.5380755096170997
DIIDCWQEL,6.0966054482562555
PICVVRNNL,0.8760071591061602
CIFIIFTNL,-1.0687941438283293
SIGRVKEHL,1.2120284276498516
GIYFWMRFL,1.9679593785584524
YIMFANDAL,2.3586466291946238
FIAATNEEL,3.9104690499148242
LIWFGMQQL,3.6319079484057344
LIIHHETKL,0.1930874573820416
TILEAVDHL,-0.2141298151371495
PIYDNWEML,3.382138956249404
FIGARLITL,1.7830062396332034
HIDESMTWL,-1.1797111073175568
TIPIKIRNL,3.8978490256755953
YIHYRSDML,1.9538128746957568
LINHARPGL,3.052393952217652
PILACKNVL,1.2366279037024377
TISQIPAWL,1.9286307902271103
NITCGQSFL,6.044989287871616
VIELRVNPL,-0.6093128526844162
DILLYIILL,2.670128866789521
MIMIKGQLL,6.787559200671361
AIVKHTKFL,1.3288197389399485
GINNYFLGL,2.1406983796882306
HIALRMACL,-0.08895635057423051
FIHRQEPDL,4.2859564087810265
VIVWQLGVL,6.401370437807515
WIHRNYYVL,2.161243606199451
NITDQSVTL,4.463302412669567
PIIKLHCFL,0.45177881727095626
NIYAYTVEL,-0.7478540768829864
LIIKQVCLL,2.942389313592785
KIYEMMYRL,-0.45567658613108986
CIETNADWL,5.18742586704878
KIEFIIWVL,0.10896707532355189
FIKQIRQKL,3.533981011259412
NIVARATDL,1.999540179423383
KIQYAHSQL,2.837804106004202
GINRHHCLL,-1.257696640815508
HIPWQSPIL,7.41606140486712
IICYINTDL,0.9116297677245984
FIFALIDNL,0.7339718531473474
VISIWTYRL,1.9923320173551036
WIWEHKGQL,4.52873682428962
MISCMWSEL,3.2342296617483135
RIEFVPDYL,1.6803111615820558
LIDMGRCFL,0.10429267123416444
WIECNQQIL,11.257439024776874
YIYINMMDL,1.4894290542622532
GIIEKDMVL,3.2939431709751394
HIINWTENL,2.28787051519514
DIRDVHSYL,1.586967630700995
YIFAAGKLL,1.2964641233668495
GIISVEMWL,0.07266596570149728
QITPLLTAL,0.528205282568832
RITEFHWDL,-0.8511406794309248
FIPWQSEQL,9.156836338685812
RIHWQRPFL,5.408364706831307
TIDCFFATL,0.4182494846967415
IILWEVKRL,0.046000391328928636
HIHAASFRL,1.8854460902880184
YIDWDNKGL,3.2246075413917232
YIPTITCYL,-0.5514632381030131
LIDGPMWYL,-1.5870539905266414
QIHNNPNGL,4.020224157240293
RIEAPKEWL,1.549501342593571
DIFGDNQVL,2.996561193632316
GIVGCLLRL,1.994450261151791
WIWSGTDSL,0.9290233905638087
DIEQVVKRL,-0.45805268617409034
GIWATLFYL,2.167289763144048
DIINKMMCL,1.9702484299505565
DIWYIGFHL,-0.4585469589596696
AIEWGDIRL,3.094351888796802
NIFFQSAHL,4.572023991076927
SIKNNAWNL,3.1941834744199076
QIYCLYYQL,1.66191556300817
TIGMGLQKL,2.296081052151637
AIDIPVVSL,-0.8137855899838154
RISQRNNTL,-0.7226009346339943
LILQHPTVL,-0.0870975892466106
AIKTPCYQL,2.9618261960293273
KISFPNLDL,-0.0323371361100927
VIAIHNMCL,-1.291536089165828
EIHGWHRNL,-0.839158414436826
AIVQGMKDL,-0.5533491560995618
HIKHIPMWL,-0.06622249142589492
GICILRRQL,4.1773072134011935
GIRVAITRL,2.144713277452538
GICVDYCPL,4.293207353069568
HIQCQKQKL,5.738535011310602
IIFSWGWYL,1.5863633786935794
QIRYGTEAL,1.0204886844907552
CIRWEDTEL,3.200117135020864
GIEVAMEFL,3.8178857913893927
HIIKSNQKL,4.200918807362163
KISMGCHPL,-0.9678891537435468
PINHHTGYL,1.1941219609874705
PIVMAHMQL,3.009900030398264
MIAMMFMDL,0.6239460868253556
DIVRLWRDL,-0.037657412927020795
QIVYAWMQL,2.9310554417871177
FICANRFNL,2.6509197681736114
WIGNPCHNL,0.7283375478865984
LICRKVNLL,3.4477172423109943
KIANCAIVL,5.667793091919684
PIDSPAAGL,3.8714179907419908
AITANWVEL,2.4458961486322743
VIIPWCNVL,0.9067513306255133
AIHWACLRL,1.7028640285685432
QICFMCVRL,1.5956527848833366
CIWVWMTEL,2.6223965383927883
KIVMRWFHL,0.18394945218570002
WITTEKGDL,3.690222953071741
QIGYTFVLL,1.6164578441033948
LIRDLYHIL,1.627801168841317
FIWDQSYLL,5.4838575230605695
FINHYINWL,0.15612841131795907
TIGRCGGDL,4.980978586261357
HIMGAGFGL,2.2284970715876384
GIIFHSCKL,0.4143771052110838
RICCLKHHL,0.7554073340934416
GISGALKKL,-0.49769239158061296
RIHSQTAAL,4.7431390330524525
EIGMYMVSL,0.3639466364591745
PIQLYIYLL,0.4869049202812139
MIPNWQFKL,5.204240173258382
