tcr_id,mhc_allele
0,A*01:01
1,B*35:01
2,A*02:01
3,A*02:01
4,B*08:01
5,B*08:01
6,B*35:01
7,A*02:01
8,B*35:01
9,A*02:01
10,A*01:01
11,B*08:01
12,A*01:01
13,A*01:01
14,A*02:01
15,A*01:01
16,A*01:01
17,A*02:01
18,B*35:01
19,B*08:01
20,A*01:01
21,A*01:01
22,A*02:01
23,A*01:01
24,B*08:01
25,A*02:01
26,B*07:02
27,B*07:02
28,A*02:01
29,A*02:01
30,B*08:01
31,A*01:01
32,A*02:01
33,B*35:01
34,A*01:01
35,B*08:01
36,B*07:02
37,A*01:01
38,A*01:01
39,A*02:01
40,B*35:01
41,A*01:01
42,A*02:01
43,A*02:01
44,A*02:01
45,A*01:01
46,A*02:01
47,A*11:01
48,B*08:01
49,A*01:01
50,A*02:01
51,B*08:01
52,A*02:01
53,A*02:01
54,B*35:01
55,B*08:01
56,A*02:01
57,B*08:01
58,A*02:01
59,A*01:01
60,A*02:01
61,B*07:02
62,B*07:02
63,B*07:02
64,A*01:01
65,A*01:01
66,A*01:01
67,A*02:01
68,A*02:01
69,A*02:01
70,A*01:01
71,A*02:01
72,B*07:02
73,A*02:01
74,B*35:01
75,A*01:01
76,B*08:01
77,B*07:02
78,A*01:01
79,B*35:01
80,A*02:01
81,A*02:01
82,B*08:01
83,A*01:01
84,A*02:01
85,A*01:01
86,B*35:01
87,B*35:01
88,A*11:01
89,B*07:02
90,A*01:01
91,A*01:01
92,A*01:01
93,A*02:01
94,B*08:01
95,B*08:01
96,B*35:01
97,A*01:01
98,A*02:01
99,B*35:01
100,A*01:01
101,A*02:01
102,A*02:01
103,B*08:01
104,B*08:01
105,B*35:01
106,B*35:01
107,B*08:01
108,A*02:01
109,B*35:01
110,A*02:01
111,A*02:01
112,A*02:01
113,B*08:01
114,B*07:02
115,A*01:01
116,A*02:01
117,B*07:02
118,A*02:01
119,A*02:01
120,B*35:01
121,A*01:01
122,A*01:01
123,A*01:01
124,B*08:01
125,B*07:02
126,A*02:01
127,A*01:01
128,A*02:01
129,A*02:01
130,A*01:01
131,B*07:02
132,B*08:01
133,A*01:01
134,A*02:01
135,B*35:01
136,A*02:01
137,A*02:01
138,A*11:01
139,A*01:01
140,A*02:01
141,A*02:01
142,A*01:01
143,B*07:02
144,A*02:01
145,A*02:01
146,A*01:01
147,A*01:01
148,A*01:01
149,A*01:01
150,A*01:01
151,A*02:01
152,A*02:01
153,A*02:01
154,A*02:01
155,A*02:01
156,A*02:01
157,A*02:01
158,B*08:01
159,B*08:01
160,B*07:02
161,B*08:01
162,A*02:01
163,A*02:01
164,A*02:01
165,B*08:01
166,A*02:01
167,A*01:01
168,A*01:01
169,B*35:01
170,A*02:01
171,A*01:01
172,A*02:01
173,A*01:01
174,A*01:01
175,A*01:01
176,B*35:01
177,B*35:01
178,B*08:01
179,A*01:01
180,A*02:01
181,A*01:01
182,A*02:01
183,A*02:01
184,A*11:01
185,A*02:01
186,A*01:01
187,A*01:01
188,B*07:02
189,B*07:02
190,B*08:01
191,B*07:02
192,B*35:01
193,A*02:01
194,B*08:01
195,B*35:01
196,A*02:01
197,A*02:01
198,B*08:01
199,A*01:01
200,A*11:01
201,B*07:02
202,A*01:01
203,B*07:02
204,A*02:01
205,A*01:01
206,B*07:02
207,A*02:01
208,A*02:01
209,B*07:02
210,B*08:01
211,A*02:01
212,A*02:01
213,A*02:01
214,B*35:01
215,A*01:01
216,A*02:01
217,A*02:01
218,B*08:01
219,B*08:01
220,A*01:01
221,A*01:01
222,A*01:01
223,A*01:01
224,A*01:01
225,B*08:01
226,A*02:01
227,A*02:01
228,B*08:01
229,B*07:02
230,B*08:01
231,B*07:02
232,B*35:01
233,B*08:01
234,A*02:01
235,B*08:01
236,B*07:02
237,A*02:01
238,A*01:01
239,A*02:01
240,A*11:01
241,A*01:01
242,B*08:01
243,A*02:01
244,A*02:01
245,A*01:01
246,A*01:01
247,B*08:01
248,A*02:01
249,A*01:01
250,B*07:02
251,A*02:01
252,A*01:01
253,B*08:01
254,A*02:01
255,A*02:01
256,B*35:01
257,A*02:01
258,A*02:01
259,A*01:01
260,A*01:01
261,A*01:01
262,A*02:01
263,A*02:01
264,B*35:01
265,B*07:02
266,A*02:01
267,A*01:01
268,B*35:01
269,A*01:01
270,A*01:01
271,A*02:01
272,A*01:01
273,A*02:01
274,A*02:01
275,B*35:01
276,A*01:01
277,B*35:01
278,B*08:01
279,A*01:01
280,A*02:01
281,A*02:01
282,B*07:02
283,B*08:01
284,A*01:01
285,A*02:01
286,B*07:02
287,A*02:01
288,A*02:01
289,A*02:01
290,A*02:01
291,A*01:01
292,A*02:01
293,A*02:01
294,A*01:01
295,A*01:01
296,B*07:02
297,B*08:01
298,A*02:01
299,B*35:01
300,A*02:01
301,B*35:01
302,A*01:01
303,A*02:01
304,B*07:02
305,A*01:01
306,A*02:01
307,A*02:01
308,A*02:01
309,A*02:01
310,A*02:01
311,A*01:01
312,A*01:01
313,B*08:01
314,A*02:01
315,B*08:01
316,A*01:01
317,A*01:01
318,A*02:01
319,A*01:01
320,B*07:02
321,A*01:01
322,A*01:01
323,A*02:01
324,A*02:01
325,B*08:01
326,A*02:01
327,B*35:01
328,A*02:01
329,A*01:01
330,A*02:01
331,B*08:01
332,A*02:01
333,A*01:01
334,B*08:01
335,A*01:01
336,B*35:01
337,B*08:01
338,B*35:01
339,B*08:01
340,A*11:01
341,B*35:01
342,A*02:01
343,A*02:01
344,B*35:01
345,A*01:01
346,A*02:01
347,A*01:01
348,A*02:01
349,A*02:01
350,B*08:01
351,A*02:01
352,A*01:01
353,A*02:01
354,B*35:01
355,A*01:01
356,A*02:01
357,B*35:01
358,A*02:01
359,B*35:01
360,A*02:01
361,B*35:01
362,A*02:01
363,A*02:01
364,A*02:01
365,A*01:01
366,A*01:01
367,A*02:01
368,B*35:01
369,A*02:01
370,B*08:01
371,A*02:01
372,A*02:01
373,A*02:01
374,A*02:01
375,B*35:01
376,A*02:01
377,B*07:02
378,B*08:01
379,A*02:01
380,A*01:01
381,B*35:01
382,A*02:01
383,B*08:01
384,A*02:01
385,A*01:01
386,A*02:01
387,A*02:01
388,A*01:01
389,B*08:01
390,A*01:01
391,B*35:01
392,B*35:01
393,A*01:01
394,B*08:01
395,A*02:01
396,B*08:01
397,A*02:01
398,A*01:01
399,A*02:01
400,B*07:02
401,A*01:01
402,A*01:01
403,A*01:01
404,B*07:02
405,B*08:01
406,A*02:01
407,A*02:01
408,A*02:01
409,A*02:01
410,A*02:01
411,A*02:01
412,A*01:01
413,A*02:01
414,A*01:01
415,A*01:01
416,A*02:01
417,B*35:01
418,A*02:01
419,B*35:01
420,B*07:02
421,B*08:01
422,A*01:01
423,B*07:02
424,A*02:01
425,A*02:01
426,A*02:01
427,B*08:01
428,B*07:02
429,B*35:01
430,A*02:01
431,A*11:01
432,A*01:01
433,A*02:01
434,A*01:01
435,A*01:01
436,B*07:02
437,A*02:01
438,A*01:01
439,A*01:01
440,A*02:01
441,B*07:02
442,A*02:01
443,B*08:01
444,A*02:01
445,A*02:01
446,B*35:01
447,A*02:01
448,A*02:01
449,B*08:01
450,A*01:01
451,A*02:01
452,A*02:01
453,B*35:01
454,A*02:01
455,A*02:01
456,A*02:01
457,A*02:01
458,A*02:01
459,A*02:01
460,A*01:01
461,A*02:01
462,B*07:02
463,A*02:01
464,A*01:01
465,B*07:02
466,A*02:01
467,A*02:01
468,A*02:01
469,A*02:01
470,A*01:01
471,A*02:01
472,A*01:01
473,A*11:01
474,B*35:01
475,A*02:01
476,A*02:01
477,B*35:01
478,A*02:01
479,A*02:01
480,A*11:01
481,A*02:01
482,A*02:01
483,A*11:01
484,A*01:01
485,B*08:01
486,A*02:01
487,A*02:01
488,B*08:01
489,B*08:01
490,A*02:01
491,B*07:02
492,A*02:01
493,B*08:01
494,B*07:02
495,A*02:01
496,A*01:01
497,A*02:01
498,A*02:01
499,A*11:01
500,B*35:01
501,A*02:01
502,A*02:01
503,B*07:02
504,A*02:01
505,B*35:01
506,A*01:01
507,B*08:01
508,B*08:01
509,A*02:01
510,B*35:01
511,A*01:01
512,A*02:01
513,B*07:02
514,A*02:01
515,A*02:01
516,A*02:01
517,A*11:01
518,B*07:02
519,A*02:01
520,B*07:02
521,A*02:01
522,B*35:01
523,A*01:01
524,A*01:01
525,A*02:01
526,A*02:01
527,B*07:02
528,A*01:01
529,A*02:01
530,A*02:01
531,A*01:01
532,A*02:01
533,A*01:01
534,B*08:01
535,A*02:01
536,A*11:01
537,A*02:01
538,B*35:01
539,B*08:01
540,A*01:01
541,B*08:01
542,A*01:01
543,A*02:01
544,A*01:01
545,A*01:01
546,A*01:01
547,B*08:01
548,A*02:01
549,B*08:01
550,A*01:01
551,A*01:01
552,B*35:01
553,A*01:01
554,A*01:01
555,A*02:01
556,A*01:01
557,A*02:01
558,A*01:01
559,A*01:01
560,A*01:01
561,B*08:01
562,A*02:01
563,A*02:01
564,A*02:01
565,A*02:01
566,A*02:01
567,A*02:01
568,A*02:01
569,A*02:01
570,B*35:01
571,A*02:01
572,A*01:01
573,A*02:01
574,A*01:01
575,B*07:02
576,B*07:02
577,A*02:01
578,A*01:01
579,B*35:01
580,A*02:01
581,A*02:01
582,B*08:01
583,B*08:01
584,A*02:01
585,A*01:01
586,A*01:01
587,B*08:01
588,B*08:01
589,A*01:01
590,B*08:01
591,A*02:01
592,B*35:01
593,A*01:01
594,B*35:01
595,B*07:02
596,B*08:01
597,A*02:01
598,A*02:01
599,B*35:01
600,A*01:01
601,A*01:01
602,A*01:01
603,A*02:01
604,A*02:01
605,A*02:01
606,A*01:01
607,A*01:01
608,A*02:01
609,A*02:01
610,A*02:01
611,A*02:01
612,A*02:01
613,A*01:01
614,B*08:01
615,A*01:01
616,A*01:01
617,A*02:01
618,A*01:01
619,A*01:01
620,A*01:01
621,B*35:01
622,A*01:01
623,A*01:01
624,A*11:01
625,B*08:01
626,A*01:01
627,A*01:01
628,B*08:01
629,A*01:01
630,A*02:01
631,A*01:01
632,B*07:02
633,B*08:01
634,A*01:01
635,A*01:01
636,B*07:02
637,B*35:01
638,A*02:01
639,B*07:02
640,A*02:01
641,B*08:01
642,A*01:01
643,A*11:01
644,B*35:01
645,A*01:01
646,A*01:01
647,B*08:01
648,A*01:01
649,A*02:01
650,B*08:01
651,A*02:01
652,A*02:01
653,B*08:01
654,A*01:01
655,A*02:01
656,A*01:01
657,B*07:02
658,B*07:02
659,A*02:01
660,A*02:01
661,A*01:01
662,B*08:01
663,A*01:01
664,A*01:01
665,A*01:01
666,B*35:01
667,A*02:01
668,A*02:01
669,A*01:01
670,A*02:01
671,A*02:01
672,A*02:01
673,B*08:01
674,B*08:01
675,B*07:02
676,A*01:01
677,A*02:01
678,A*02:01
679,B*08:01
680,A*01:01
681,B*07:02
682,B*07:02
683,A*02:01
684,A*02:01
685,B*07:02
686,B*08:01
687,A*02:01
688,A*01:01
689,B*35:01
690,A*02:01
691,B*07:02
692,A*02:01
693,A*02:01
694,A*02:01
695,A*01:01
696,A*02:01
697,B*08:01
698,A*02:01
699,A*01:01
700,B*35:01
701,B*08:01
702,B*35:01
703,B*35:01
704,B*07:02
705,A*02:01
706,B*35:01
707,B*08:01
708,B*35:01
709,B*08:01
710,B*35:01
711,B*35:01
712,A*01:01
713,B*08:01
714,B*08:01
715,A*01:01
716,A*02:01
717,A*02:01
718,A*01:01
719,A*02:01
720,B*35:01
721,A*02:01
722,A*02:01
723,B*07:02
724,B*08:01
725,A*02:01
726,A*01:01
727,B*08:01
728,A*01:01
729,A*01:01
730,B*08:01
731,B*07:02
732,A*01:01
733,A*02:01
734,A*01:01
735,B*07:02
736,A*02:01
737,A*02:01
738,A*02:01
739,A*11:01
740,B*07:02
741,A*02:01
742,A*02:01
743,A*02:01
744,A*02:01
745,A*02:01
746,A*02:01
747,A*01:01
748,B*08:01
749,A*02:01
750,B*35:01
751,A*01:01
752,A*01:01
753,A*02:01
754,B*35:01
755,B*07:02
756,B*08:01
757,A*02:01
758,A*11:01
759,B*08:01
760,B*08:01
761,A*01:01
762,A*02:01
763,B*08:01
764,A*01:01
765,B*08:01
766,A*11:01
767,A*02:01
768,B*08:01
769,B*08:01
770,B*35:01
771,A*02:01
772,B*35:01
773,B*07:02
774,B*08:01
775,A*02:01
776,B*35:01
777,A*02:01
778,A*02:01
779,B*08:01
780,A*01:01
781,B*35:01
782,A*02:01
783,B*07:02
784,A*02:01
785,A*01:01
786,A*02:01
787,A*02:01
788,A*01:01
789,A*01:01
790,B*08:01
791,A*01:01
792,A*01:01
793,A*01:01
794,B*35:01
795,A*02:01
796,A*02:01
797,B*08:01
798,B*35:01
799,A*01:01
800,B*07:02
801,A*02:01
802,A*01:01
803,B*08:01
804,B*07:02
805,B*07:02
806,A*02:01
807,B*35:01
808,A*01:01
809,A*02:01
810,B*07:02
811,A*01:01
812,A*02:01
813,A*02:01
814,B*35:01
815,A*01:01
816,A*02:01
817,A*11:01
818,B*08:01
819,A*02:01
820,B*08:01
821,A*01:01
822,A*02:01
823,B*07:02
824,B*07:02
825,A*11:01
826,A*02:01
827,A*02:01
828,A*02:01
829,A*01:01
830,A*02:01
831,A*02:01
832,A*02:01
833,B*35:01
834,A*02:01
835,A*02:01
836,A*02:01
837,A*02:01
838,B*07:02
839,B*07:02
840,A*01:01
841,A*02:01
842,A*01:01
843,A*02:01
844,B*07:02
845,B*08:01
846,A*01:01
847,B*35:01
848,B*08:01
849,A*11:01
850,B*35:01
851,B*07:02
852,B*07:02
853,B*35:01
854,A*02:01
855,A*02:01
856,A*02:01
857,A*02:01
858,A*01:01
859,A*11:01
860,B*07:02
861,A*02:01
862,B*35:01
863,A*02:01
864,A*01:01
865,B*08:01
866,B*08:01
867,A*02:01
868,A*01:01
869,A*02:01
870,A*02:01
871,B*35:01
872,A*02:01
873,A*02:01
874,B*35:01
875,A*02:01
876,A*01:01
877,A*01:01
878,B*35:01
879,B*08:01
880,B*08:01
881,A*02:01
882,A*02:01
883,A*01:01
884,A*02:01
885,B*07:02
886,A*02:01
887,A*02:01
888,B*35:01
889,A*02:01
890,A*02:01
891,B*07:02
892,A*02:01
893,A*01:01
894,A*02:01
895,A*11:01
896,B*07:02
897,A*02:01
898,A*01:01
899,B*08:01
900,B*35:01
901,A*01:01
902,A*02:01
903,B*08:01
904,A*02:01
905,A*02:01
906,A*01:01
907,A*02:01
908,B*07:02
909,A*01:01
910,A*02:01
911,B*07:02
912,A*01:01
913,A*02:01
914,A*02:01
915,A*01:01
916,A*02:01
917,A*01:01
918,A*01:01
919,B*35:01
920,A*02:01
921,B*08:01
922,A*01:01
923,A*02:01
924,B*07:02
925,B*35:01
926,B*07:02
927,B*08:01
928,A*02:01
929,A*02:01
930,B*07:02
931,A*11:01
932,A*02:01
933,B*08:01
934,A*02:01
935,A*01:01
936,A*01:01
937,A*01:01
938,A*02:01
939,A*02:01
940,B*35:01
941,A*02:01
942,A*01:01
943,A*02:01
944,B*35:01
945,A*01:01
946,A*01:01
947,B*07:02
948,A*01:01
949,A*02:01
950,A*01:01
951,A*01:01
952,B*35:01
953,A*01:01
954,A*01:01
955,A*01:01
956,B*08:01
957,A*02:01
958,A*02:01
959,A*01:01
960,B*08:01
961,A*01:01
962,B*08:01
963,A*02:01
964,B*08:01
965,A*02:01
966,B*08:01
967,A*01:01
968,A*01:01
969,A*02:01
970,B*08:01
971,A*02:01
972,A*02:01
973,A*02:01
974,B*35:01
975,B*08:01
976,A*01:01
977,A*01:01
978,B*35:01
979,B*07:02
980,B*35:01
981,A*02:01
982,A*01:01
983,A*02:01
984,A*02:01
985,B*08:01
986,A*01:01
987,A*02:01
988,A*01:01
989,B*35:01
990,A*02:01
991,A*01:01
992,B*08:01
993,A*02:01
994,A*01:01
995,B*07:02
996,A*02:01
997,A*01:01
998,A*01:01
999,B*35:01
1000,A*02:01
1001,A*11:01
1002,A*02:01
1003,B*07:02
1004,B*08:01
1005,B*08:01
1006,B*07:02
1007,A*01:01
1008,A*02:01
1009,A*11:01
1010,A*01:01
1011,A*02:01
1012,B*08:01
1013,A*02:01
1014,B*07:02
1015,A*02:01
1016,B*08:01
1017,A*02:01
1018,A*01:01
1019,A*01:01
1020,A*02:01
1021,A*01:01
1022,A*01:01
1023,A*02:01
1024,A*01:01
1025,A*01:01
1026,A*02:01
1027,A*01:01
1028,A*01:01
1029,B*07:02
1030,A*02:01
1031,A*01:01
1032,A*01:01
1033,A*01:01
1034,A*02:01
1035,A*01:01
1036,A*02:01
1037,A*02:01
1038,A*02:01
1039,A*11:01
1040,B*08:01
1041,B*08:01
1042,A*02:01
1043,A*02:01
1044,B*35:01
1045,A*02:01
1046,A*01:01
1047,A*01:01
1048,A*02:01
1049,A*02:01
1050,B*08:01
1051,A*02:01
1052,A*02:01
1053,B*08:01
1054,A*01:01
1055,B*07:02
1056,A*02:01
1057,A*01:01
1058,B*07:02
1059,A*02:01
1060,B*08:01
1061,A*01:01
1062,A*02:01
1063,B*07:02
1064,A*01:01
1065,A*02:01
1066,A*01:01
1067,A*02:01
1068,A*01:01
1069,A*02:01
1070,B*08:01
1071,A*02:01
1072,B*35:01
1073,B*07:02
1074,B*35:01
1075,B*35:01
1076,A*01:01
1077,A*01:01
1078,A*02:01
1079,A*02:01
1080,A*02:01
1081,A*02:01
1082,A*02:01
1083,A*01:01
1084,A*02:01
1085,A*01:01
1086,B*08:01
1087,B*08:01
1088,A*01:01
1089,A*02:01
1090,B*35:01
1091,A*02:01
1092,A*01:01
1093,A*01:01
1094,A*02:01
1095,A*01:01
1096,B*08:01
1097,A*01:01
1098,B*35:01
1099,A*02:01
1100,A*02:01
1101,B*07:02
1102,A*01:01
1103,A*01:01
1104,B*08:01
1105,B*08:01
1106,B*08:01
1107,B*35:01
1108,A*02:01
1109,B*08:01
1110,B*08:01
1111,A*01:01
1112,B*35:01
1113,A*02:01
1114,A*02:01
1115,A*01:01
1116,A*01:01
1117,A*01:01
1118,A*02:01
1119,A*01:01
1120,A*02:01
1121,A*01:01
1122,B*07:02
1123,B*35:01
1124,A*01:01
1125,A*02:01
1126,B*08:01
1127,A*02:01
1128,B*08:01
1129,A*02:01
1130,B*07:02
1131,A*02:01
1132,A*01:01
1133,A*02:01
1134,A*02:01
1135,A*02:01
1136,B*07:02
1137,B*08:01
1138,A*01:01
1139,A*02:01
1140,B*35:01
1141,A*02:01
1142,A*02:01
1143,B*07:02
1144,A*02:01
1145,B*35:01
1146,A*02:01
1147,B*08:01
1148,A*02:01
1149,A*11:01
1150,A*02:01
1151,B*08:01
1152,A*02:01
1153,A*01:01
1154,A*02:01
1155,A*02:01
1156,A*02:01
1157,A*02:01
1158,B*08:01
1159,A*02:01
1160,A*01:01
1161,A*02:01
1162,A*02:01
1163,A*01:01
1164,B*35:01
1165,A*01:01
1166,B*35:01
1167,A*02:01
1168,A*02:01
1169,A*02:01
1170,A*02:01
1171,A*02:01
1172,B*35:01
1173,A*01:01
1174,B*08:01
1175,A*01:01
1176,A*02:01
1177,A*02:01
1178,A*02:01
1179,B*08:01
1180,A*01:01
1181,A*01:01
1182,A*01:01
1183,A*02:01
1184,A*02:01
1185,B*07:02
1186,A*02:01
1187,A*02:01
1188,A*01:01
1189,A*01:01
1190,A*01:01
1191,A*11:01
1192,A*02:01
1193,A*02:01
1194,B*07:02
1195,B*07:02
1196,A*02:01
1197,A*02:01
1198,B*07:02
1199,A*02:01
1200,A*01:01
1201,A*01:01
1202,A*02:01
1203,A*02:01
1204,B*07:02
1205,A*01:01
1206,A*02:01
1207,A*01:01
1208,A*02:01
1209,A*02:01
1210,A*02:01
1211,A*01:01
1212,B*35:01
1213,A*01:01
1214,A*02:01
1215,B*07:02
1216,B*35:01
1217,B*08:01
1218,A*01:01
1219,B*35:01
1220,A*02:01
1221,A*02:01
1222,A*02:01
1223,A*02:01
1224,A*01:01
1225,A*02:01
1226,A*01:01
1227,A*02:01
1228,A*02:01
1229,A*02:01
1230,A*02:01
1231,B*35:01
1232,A*11:01
1233,A*02:01
1234,A*01:01
1235,A*02:01
1236,A*02:01
1237,A*02:01
1238,B*35:01
1239,B*07:02
1240,B*08:01
1241,A*01:01
1242,A*01:01
1243,A*02:01
1244,A*02:01
1245,B*07:02
1246,A*02:01
1247,A*02:01
1248,A*01:01
1249,A*02:01
1250,B*07:02
1251,B*35:01
1252,A*01:01
1253,B*07:02
1254,B*07:02
1255,A*01:01
1256,A*02:01
1257,B*08:01
1258,A*01:01
1259,A*02:01
1260,A*01:01
1261,A*01:01
1262,A*02:01
1263,B*08:01
1264,A*02:01
1265,A*02:01
1266,A*02:01
1267,A*01:01
1268,B*08:01
1269,A*02:01
1270,A*01:01
1271,A*02:01
1272,A*01:01
1273,A*02:01
1274,A*02:01
1275,A*02:01
1276,A*02:01
1277,A*01:01
1278,A*02:01
1279,A*11:01
1280,A*01:01
1281,A*01:01
1282,B*35:01
1283,A*01:01
1284,B*08:01
1285,B*35:01
1286,B*07:02
1287,A*02:01
1288,A*01:01
1289,A*01:01
1290,B*35:01
1291,B*07:02
1292,A*01:01
1293,A*02:01
1294,B*35:01
1295,B*08:01
1296,B*08:01
1297,A*02:01
1298,B*08:01
1299,B*07:02
1300,B*35:01
1301,A*01:01
1302,B*07:02
1303,A*01:01
1304,A*02:01
1305,B*35:01
1306,B*35:01
1307,B*08:01
1308,A*02:01
1309,B*07:02
1310,A*02:01
1311,B*35:01
1312,A*02:01
1313,A*02:01
1314,A*02:01
1315,A*01:01
1316,B*35:01
1317,A*02:01
1318,A*01:01
1319,A*02:01
1320,A*02:01
1321,A*01:01
1322,A*02:01
1323,A*01:01
1324,B*08:01
1325,A*02:01
1326,B*08:01
1327,A*01:01
1328,B*35:01
1329,A*02:01
1330,A*02:01
1331,A*02:01
1332,A*02:01
1333,B*07:02
1334,A*02:01
1335,A*02:01
1336,B*35:01
1337,A*01:01
1338,B*07:02
1339,B*07:02
1340,A*02:01
1341,A*02:01
1342,A*01:01
1343,B*07:02
1344,B*35:01
1345,B*08:01
1346,A*02:01
1347,B*08:01
1348,B*35:01
1349,A*01:01
1350,A*02:01
1351,A*01:01
1352,B*35:01
1353,B*07:02
1354,A*01:01
1355,A*02:01
1356,A*01:01
1357,A*01:01
1358,A*02:01
1359,A*02:01
1360,B*07:02
1361,B*35:01
1362,A*01:01
1363,A*01:01
1364,A*02:01
1365,A*02:01
1366,B*07:02
1367,A*02:01
1368,A*02:01
1369,A*02:01
1370,A*01:01
1371,A*02:01
1372,B*35:01
1373,A*11:01
1374,B*07:02
1375,B*08:01
1376,A*02:01
1377,A*01:01
1378,A*01:01
1379,A*02:01
1380,A*02:01
1381,A*02:01
1382,B*35:01
1383,A*01:01
1384,A*02:01
1385,A*02:01
1386,A*02:01
1387,A*02:01
1388,A*01:01
1389,A*01:01
1390,B*35:01
1391,B*08:01
1392,A*02:01
1393,A*01:01
1394,A*11:01
1395,B*08:01
1396,A*02:01
1397,B*35:01
1398,A*01:01
1399,B*07:02
1400,B*07:02
1401,A*01:01
1402,A*02:01
1403,A*02:01
1404,A*01:01
1405,A*02:01
1406,B*35:01
1407,A*01:01
1408,A*02:01
1409,A*01:01
1410,A*01:01
1411,B*35:01
1412,A*01:01
1413,A*02:01
1414,A*01:01
1415,A*11:01
1416,A*02:01
1417,A*01:01
1418,A*01:01
1419,A*01:01
1420,A*02:01
1421,A*02:01
1422,B*07:02
1423,A*01:01
1424,A*01:01
1425,A*02:01
1426,B*08:01
1427,A*01:01
1428,A*11:01
1429,A*01:01
1430,B*08:01
1431,A*02:01
1432,A*01:01
1433,A*02:01
1434,A*02:01
1435,A*02:01
1436,A*01:01
1437,B*35:01
1438,B*35:01
1439,A*02:01
1440,B*35:01
1441,A*02:01
1442,B*35:01
1443,A*01:01
1444,A*02:01
1445,B*08:01
1446,B*08:01
1447,B*07:02
1448,A*02:01
1449,A*02:01
1450,A*01:01
1451,A*02:01
1452,A*01:01
1453,A*02:01
1454,B*35:01
1455,A*02:01
1456,B*07:02
1457,A*01:01
1458,A*01:01
1459,A*02:01
1460,A*01:01
1461,B*35:01
1462,A*02:01
1463,B*08:01
1464,B*35:01
1465,A*01:01
1466,A*01:01
1467,A*02:01
1468,B*35:01
1469,A*01:01
1470,B*08:01
1471,B*35:01
1472,B*35:01
1473,B*08:01
1474,A*01:01
1475,A*01:01
1476,A*02:01
1477,A*01:01
1478,A*02:01
1479,A*01:01
1480,A*02:01
1481,A*02:01
1482,A*02:01
1483,A*02:01
1484,A*02:01
1485,A*01:01
1486,B*07:02
1487,A*02:01
1488,B*35:01
1489,B*35:01
1490,A*01:01
1491,A*01:01
1492,A*01:01
1493,A*11:01
1494,A*02:01
1495,B*35:01
1496,B*08:01
1497,A*02:01
1498,B*07:02
1499,A*01:01
1500,A*01:01
1501,A*02:01
1502,A*01:01
1503,B*35:01
1504,A*01:01
1505,A*02:01
1506,B*35:01
1507,A*01:01
1508,A*02:01
1509,A*02:01
1510,A*02:01
1511,A*01:01
1512,B*08:01
1513,A*01:01
1514,A*01:01
1515,A*01:01
1516,A*01:01
1517,A*01:01
1518,A*01:01
1519,A*02:01
1520,A*02:01
1521,B*07:02
1522,A*01:01
1523,A*02:01
1524,A*02:01
1525,B*08:01
1526,B*35:01
1527,A*01:01
1528,A*01:01
1529,A*02:01
1530,A*02:01
1531,A*02:01
1532,B*35:01
1533,A*02:01
1534,A*11:01
1535,A*02:01
1536,A*02:01
1537,B*08:01
1538,B*08:01
1539,B*35:01
1540,B*07:02
1541,A*01:01
1542,A*02:01
1543,A*02:01
1544,B*35:01
1545,A*02:01
1546,B*07:02
1547,A*01:01
1548,B*35:01
1549,A*01:01
1550,A*02:01
1551,A*01:01
1552,B*35:01
1553,A*01:01
1554,A*02:01
1555,A*02:01
1556,A*02:01
1557,B*07:02
1558,B*35:01
1559,A*01:01
1560,B*08:01
1561,A*01:01
1562,A*11:01
1563,A*02:01
1564,A*02:01
1565,B*35:01
1566,A*02:01
1567,B*08:01
1568,A*01:01
1569,A*02:01
1570,A*01:01
1571,A*01:01
1572,A*02:01
1573,B*08:01
1574,A*11:01
1575,A*01:01
1576,B*07:02
1577,A*02:01
1578,A*02:01
1579,A*02:01
1580,B*07:02
1581,A*02:01
1582,A*02:01
1583,B*07:02
1584,A*01:01
1585,A*02:01
1586,A*01:01
1587,A*02:01
1588,A*01:01
1589,A*02:01
1590,A*01:01
1591,A*01:01
1592,B*35:01
1593,A*02:01
1594,B*35:01
1595,B*35:01
1596,B*35:01
1597,A*02:01
1598,B*35:01
1599,A*02:01
1600,B*07:02
1601,A*11:01
1602,A*02:01
1603,A*02:01
1604,A*01:01
1605,A*02:01
1606,A*02:01
1607,A*02:01
1608,A*02:01
1609,B*07:02
1610,A*02:01
1611,B*35:01
1612,A*01:01
1613,A*02:01
1614,A*01:01
1615,A*01:01
1616,B*35:01
1617,A*02:01
1618,B*35:01
1619,B*35:01
1620,B*07:02
1621,B*08:01
1622,B*08:01
1623,A*02:01
1624,A*02:01
1625,A*02:01
1626,B*07:02
1627,A*02:01
1628,A*02:01
1629,A*01:01
1630,A*01:01
1631,A*02:01
1632,A*02:01
1633,A*01:01
1634,B*35:01
1635,B*08:01
1636,B*08:01
1637,B*35:01
1638,B*35:01
1639,B*07:02
1640,A*01:01
1641,A*02:01
1642,A*02:01
1643,A*01:01
1644,A*02:01
1645,B*35:01
1646,A*01:01
1647,A*02:01
1648,A*02:01
1649,A*01:01
1650,A*01:01
1651,A*01:01
1652,A*02:01
1653,A*01:01
1654,A*02:01
1655,A*02:01
1656,A*02:01
1657,B*07:02
1658,B*08:01
1659,A*02:01
1660,A*01:01
1661,A*02:01
1662,B*07:02
1663,A*02:01
1664,A*01:01
1665,B*07:02
1666,B*08:01
1667,A*01:01
1668,A*01:01
1669,A*01:01
1670,B*07:02
1671,A*01:01
1672,A*01:01
1673,A*01:01
1674,A*01:01
1675,B*07:02
1676,A*02:01
1677,A*02:01
1678,A*02:01
1679,A*01:01
1680,A*02:01
1681,B*35:01
1682,A*01:01
1683,B*35:01
1684,A*02:01
1685,A*02:01
1686,B*07:02
1687,A*02:01
1688,B*08:01
1689,B*08:01
1690,A*02:01
1691,B*35:01
1692,A*02:01
1693,A*02:01
1694,A*01:01
1695,B*35:01
1696,A*02:01
1697,A*02:01
1698,A*02:01
1699,A*02:01
1700,A*01:01
1701,A*02:01
1702,A*02:01
1703,B*07:02
1704,A*02:01
1705,A*01:01
1706,B*35:01
1707,A*02:01
1708,A*01:01
1709,A*02:01
1710,A*02:01
1711,B*08:01
1712,B*35:01
1713,A*02:01
1714,A*02:01
1715,A*02:01
1716,A*02:01
1717,A*11:01
1718,A*02:01
1719,A*02:01
1720,A*02:01
1721,A*02:01
1722,A*02:01
1723,A*02:01
1724,A*02:01
1725,A*02:01
1726,A*02:01
1727,A*02:01
1728,B*07:02
1729,A*02:01
1730,A*02:01
1731,B*07:02
1732,A*01:01
1733,B*08:01
1734,A*01:01
1735,B*07:02
1736,A*01:01
1737,B*35:01
1738,A*02:01
1739,A*02:01
1740,B*35:01
1741,B*07:02
1742,A*02:01
1743,A*02:01
1744,A*02:01
1745,B*07:02
1746,A*11:01
1747,A*02:01
1748,A*01:01
1749,A*01:01
1750,A*02:01
1751,B*35:01
1752,B*35:01
1753,A*01:01
1754,B*35:01
1755,A*02:01
1756,B*08:01
1757,A*11:01
1758,B*07:02
1759,A*02:01
1760,A*02:01
1761,A*01:01
1762,A*02:01
1763,A*02:01
1764,A*11:01
1765,A*01:01
1766,A*02:01
1767,A*02:01
1768,B*07:02
1769,A*01:01
1770,A*02:01
1771,B*35:01
1772,B*07:02
1773,A*01:01
1774,B*35:01
1775,B*35:01
1776,A*01:01
1777,A*02:01
1778,B*07:02
1779,A*02:01
1780,A*02:01
1781,B*08:01
1782,A*02:01
1783,B*08:01
1784,A*02:01
1785,A*01:01
1786,A*02:01
1787,B*07:02
1788,A*01:01
1789,A*01:01
1790,B*07:02
1791,A*01:01
1792,A*11:01
1793,A*01:01
1794,B*35:01
1795,A*02:01
1796,A*01:01
1797,B*08:01
1798,B*35:01
1799,A*01:01
1800,A*01:01
1801,A*02:01
1802,A*02:01
1803,B*08:01
1804,A*01:01
1805,A*01:01
1806,A*01:01
1807,A*01:01
1808,B*08:01
1809,B*07:02
1810,B*07:02
1811,A*01:01
1812,A*01:01
1813,B*35:01
1814,A*02:01
1815,A*02:01
1816,A*02:01
1817,A*01:01
1818,B*08:01
1819,A*02:01
1820,A*02:01
1821,A*02:01
1822,A*02:01
1823,A*02:01
1824,A*01:01
1825,B*35:01
1826,A*01:01
1827,A*02:01
1828,B*08:01
1829,B*35:01
1830,A*02:01
1831,A*01:01
1832,B*08:01
1833,A*02:01
1834,A*02:01
1835,B*35:01
1836,A*02:01
1837,A*01:01
1838,A*01:01
1839,B*08:01
1840,A*01:01
1841,A*01:01
1842,A*02:01
1843,B*35:01
1844,A*02:01
1845,A*02:01
1846,A*02:01
1847,A*02:01
1848,A*01:01
1849,A*01:01
1850,B*08:01
1851,B*35:01
1852,A*02:01
1853,B*08:01
1854,A*02:01
1855,A*01:01
1856,B*35:01
1857,B*07:02
1858,A*01:01
1859,A*02:01
1860,A*02:01
1861,B*35:01
1862,A*11:01
1863,A*11:01
1864,A*01:01
1865,A*02:01
1866,A*01:01
1867,B*08:01
1868,A*01:01
1869,A*02:01
1870,A*02:01
1871,B*35:01
1872,B*08:01
1873,B*08:01
1874,B*35:01
1875,A*02:01
1876,A*01:01
1877,A*01:01
1878,B*35:01
1879,A*01:01
1880,A*02:01
1881,B*08:01
1882,A*02:01
1883,A*02:01
1884,A*01:01
1885,A*02:01
1886,B*08:01
1887,A*01:01
1888,B*08:01
1889,B*07:02
1890,A*02:01
1891,A*02:01
1892,A*02:01
1893,A*02:01
1894,A*01:01
1895,A*02:01
1896,B*08:01
1897,A*02:01
1898,A*02:01
1899,A*01:01
1900,B*35:01
1901,B*08:01
1902,A*01:01
1903,A*02:01
1904,B*35:01
1905,B*08:01
1906,A*02:01
1907,A*02:01
1908,B*08:01
1909,A*02:01
1910,B*07:02
1911,A*01:01
1912,B*08:01
1913,A*01:01
1914,B*08:01
1915,A*02:01
1916,B*08:01
1917,A*02:01
1918,A*02:01
1919,A*02:01
1920,A*02:01
1921,A*02:01
1922,B*35:01
1923,A*02:01
1924,A*02:01
1925,A*01:01
1926,B*07:02
1927,B*35:01
1928,B*35:01
1929,A*02:01
1930,A*02:01
1931,A*02:01
1932,B*08:01
1933,A*01:01
1934,B*07:02
1935,A*01:01
1936,A*01:01
1937,A*02:01
1938,A*02:01
1939,A*02:01
1940,B*35:01
1941,A*02:01
1942,B*08:01
1943,B*08:01
1944,B*08:01
1945,A*02:01
1946,A*02:01
1947,A*02:01
1948,A*01:01
1949,B*08:01
1950,B*07:02
1951,A*02:01
1952,A*02:01
1953,A*02:01
1954,A*02:01
1955,A*02:01
1956,A*01:01
1957,A*01:01
1958,B*35:01
1959,B*08:01
1960,A*02:01
1961,B*08:01
1962,B*35:01
1963,A*01:01
1964,A*01:01
1965,A*01:01
1966,A*01:01
1967,A*02:01
1968,A*02:01
1969,B*07:02
1970,A*01:01
1971,A*02:01
1972,B*35:01
1973,A*02:01
1974,A*02:01
1975,B*35:01
1976,A*02:01
1977,B*35:01
1978,A*02:01
1979,A*01:01
1980,B*35:01
1981,A*02:01
1982,B*07:02
1983,B*08:01
1984,B*08:01
1985,B*35:01
1986,A*01:01
1987,A*02:01
1988,A*01:01
1989,B*35:01
1990,A*02:01
1991,B*35:01
1992,A*01:01
1993,B*08:01
1994,A*02:01
1995,B*08:01
1996,B*35:01
1997,A*02:01
1998,B*35:01
1999,A*01:01
2000,A*01:01
2001,A*02:01
2002,A*01:01
2003,B*35:01
2004,B*08:01
2005,A*11:01
2006,A*01:01
2007,A*02:01
2008,A*01:01
2009,A*01:01
2010,A*02:01
2011,A*02:01
2012,A*02:01
2013,B*07:02
2014,A*02:01
2015,A*02:01
2016,A*02:01
2017,B*08:01
2018,B*35:01
2019,A*02:01
2020,B*07:02
2021,A*11:01
2022,B*08:01
2023,A*02:01
2024,A*02:01
2025,B*35:01
2026,A*02:01
2027,A*02:01
2028,B*35:01
2029,A*02:01
2030,A*02:01
2031,B*08:01
2032,B*08:01
2033,A*01:01
2034,B*08:01
2035,A*02:01
2036,B*35:01
2037,A*01:01
2038,B*08:01
2039,A*02:01
2040,A*01:01
2041,B*07:02
2042,A*01:01
2043,B*35:01
2044,A*01:01
2045,A*02:01
2046,A*02:01
2047,B*35:01
2048,A*02:01
2049,B*08:01
2050,A*02:01
2051,A*01:01
2052,A*02:01
2053,A*01:01
2054,B*08:01
2055,B*35:01
2056,B*07:02
2057,A*01:01
2058,B*35:01
2059,B*07:02
2060,A*02:01
2061,A*01:01
2062,A*01:01
2063,A*02:01
2064,A*11:01
2065,A*02:01
2066,A*02:01
2067,A*02:01
2068,A*02:01
2069,A*02:01
2070,B*08:01
2071,A*02:01
2072,A*01:01
2073,A*02:01
2074,B*35:01
2075,B*07:02
2076,A*02:01
2077,B*08:01
2078,A*02:01
2079,A*02:01
2080,A*01:01
2081,B*35:01
2082,A*11:01
2083,A*02:01
2084,A*02:01
2085,A*02:01
2086,A*02:01
2087,A*01:01
2088,B*35:01
2089,B*35:01
2090,A*01:01
2091,A*02:01
2092,A*02:01
2093,B*08:01
2094,A*02:01
2095,A*01:01
2096,A*02:01
2097,A*01:01
2098,B*35:01
2099,A*01:01
2100,B*08:01
2101,B*08:01
2102,A*01:01
2103,A*02:01
2104,A*02:01
2105,A*02:01
2106,B*08:01
2107,A*02:01
2108,A*11:01
2109,A*02:01
2110,A*02:01
2111,B*08:01
2112,A*02:01
2113,A*02:01
2114,A*02:01
2115,A*11:01
2116,A*02:01
2117,A*01:01
2118,B*08:01
2119,B*35:01
2120,B*35:01
2121,A*01:01
2122,A*01:01
2123,B*07:02
2124,A*01:01
2125,A*02:01
2126,A*01:01
2127,A*02:01
2128,A*01:01
2129,A*01:01
2130,A*01:01
2131,A*02:01
2132,A*02:01
2133,A*01:01
2134,A*01:01
2135,A*01:01
2136,B*35:01
2137,A*02:01
2138,A*02:01
2139,B*07:02
2140,A*02:01
2141,A*02:01
2142,A*01:01
2143,A*02:01
2144,B*08:01
2145,A*01:01
2146,A*01:01
2147,A*01:01
2148,A*01:01
2149,A*01:01
2150,B*08:01
2151,B*07:02
2152,A*02:01
2153,B*07:02
2154,B*08:01
2155,A*02:01
2156,B*08:01
2157,A*02:01
2158,A*01:01
2159,A*02:01
2160,A*02:01
2161,B*08:01
2162,B*08:01
2163,B*07:02
2164,A*02:01
2165,B*07:02
2166,B*35:01
2167,A*02:01
2168,A*01:01
2169,A*01:01
2170,A*01:01
2171,B*35:01
2172,B*08:01
2173,A*02:01
2174,A*02:01
2175,A*01:01
2176,B*08:01
2177,B*35:01
2178,B*35:01
2179,A*02:01
2180,A*01:01
2181,B*08:01
2182,B*08:01
2183,A*01:01
2184,B*35:01
2185,A*01:01
2186,A*02:01
2187,A*02:01
2188,A*02:01
2189,A*01:01
2190,A*02:01
2191,B*08:01
2192,B*08:01
2193,A*01:01
2194,A*02:01
2195,A*02:01
2196,B*08:01
2197,B*08:01
2198,A*11:01
2199,B*08:01
2200,B*35:01
2201,A*02:01
2202,B*08:01
2203,B*07:02
2204,A*01:01
2205,B*07:02
2206,A*02:01
2207,A*02:01
2208,B*08:01
2209,A*02:01
2210,A*02:01
2211,A*01:01
2212,A*01:01
2213,B*08:01
2214,A*02:01
2215,A*02:01
2216,A*11:01
2217,B*35:01
2218,A*01:01
2219,A*01:01
2220,A*01:01
2221,B*08:01
2222,B*35:01
2223,A*02:01
2224,A*02:01
2225,A*02:01
2226,A*01:01
2227,A*11:01
2228,A*02:01
2229,A*01:01
2230,A*02:01
2231,A*02:01
2232,A*02:01
2233,B*35:01
2234,A*02:01
2235,A*02:01
2236,A*01:01
2237,B*35:01
2238,B*08:01
2239,A*01:01
2240,B*08:01
2241,A*01:01
2242,B*08:01
2243,A*01:01
2244,A*02:01
2245,A*02:01
2246,A*02:01
2247,B*08:01
2248,A*01:01
2249,A*02:01
2250,A*01:01
2251,B*35:01
2252,B*08:01
2253,A*01:01
2254,A*01:01
2255,A*02:01
2256,A*02:01
2257,B*08:01
2258,B*35:01
2259,A*02:01
2260,A*01:01
2261,A*02:01
2262,A*02:01
2263,A*01:01
2264,B*35:01
2265,B*35:01
2266,A*01:01
2267,B*07:02
2268,B*35:01
2269,B*07:02
2270,B*08:01
2271,B*08:01
2272,A*01:01
2273,A*01:01
2274,A*02:01
2275,A*02:01
2276,B*08:01
2277,A*02:01
2278,A*01:01
2279,A*02:01
2280,B*08:01
2281,A*01:01
2282,A*01:01
2283,A*02:01
2284,A*01:01
2285,A*01:01
2286,A*02:01
2287,A*02:01
2288,A*01:01
2289,B*07:02
2290,A*11:01
2291,B*35:01
2292,B*35:01
2293,A*02:01
2294,B*08:01
2295,B*35:01
2296,B*08:01
2297,A*01:01
2298,A*02:01
2299,A*02:01
2300,B*08:01
2301,A*01:01
2302,A*02:01
2303,A*01:01
2304,A*02:01
2305,B*08:01
2306,A*02:01
2307,A*02:01
2308,A*02:01
2309,A*01:01
2310,B*08:01
2311,A*01:01
2312,A*01:01
2313,B*35:01
2314,A*02:01
2315,A*01:01
2316,A*02:01
2317,A*01:01
2318,B*08:01
2319,B*35:01
2320,A*02:01
2321,A*02:01
2322,A*01:01
2323,A*02:01
2324,A*02:01
2325,A*01:01
2326,A*11:01
2327,A*01:01
2328,A*02:01
2329,B*08:01
2330,A*01:01
2331,A*02:01
2332,A*01:01
2333,A*02:01
2334,A*01:01
2335,A*02:01
2336,A*01:01
2337,A*02:01
2338,A*02:01
2339,A*02:01
2340,A*02:01
2341,A*02:01
2342,A*02:01
2343,A*01:01
2344,A*02:01
2345,A*02:01
2346,B*08:01
2347,B*08:01
2348,A*01:01
2349,A*01:01
2350,A*02:01
2351,A*01:01
2352,A*01:01
2353,A*02:01
2354,A*01:01
2355,A*02:01
2356,B*08:01
2357,B*35:01
2358,A*02:01
2359,B*35:01
2360,A*02:01
2361,B*08:01
2362,B*35:01
2363,A*02:01
2364,B*08:01
2365,B*35:01
2366,A*01:01
2367,A*01:01
2368,A*01:01
2369,A*11:01
2370,A*01:01
2371,B*08:01
2372,A*01:01
2373,A*02:01
2374,B*07:02
2375,A*01:01
2376,A*01:01
2377,A*02:01
2378,A*02:01
2379,A*02:01
2380,B*07:02
2381,A*01:01
2382,A*02:01
2383,A*02:01
2384,A*02:01
2385,A*01:01
2386,A*01:01
2387,A*02:01
2388,B*08:01
2389,A*02:01
2390,A*01:01
2391,A*01:01
2392,A*02:01
2393,A*02:01
2394,B*08:01
2395,A*01:01
2396,A*02:01
2397,A*02:01
2398,A*01:01
2399,A*01:01
2400,A*02:01
2401,A*11:01
2402,A*02:01
2403,A*11:01
2404,B*35:01
2405,A*01:01
2406,A*02:01
2407,A*02:01
2408,A*02:01
2409,A*02:01
2410,A*02:01
2411,A*01:01
2412,A*01:01
2413,B*35:01
2414,B*07:02
2415,B*07:02
2416,A*02:01
2417,A*02:01
2418,A*02:01
2419,A*02:01
2420,A*02:01
2421,A*02:01
2422,B*07:02
2423,A*01:01
2424,A*02:01
2425,A*02:01
2426,A*01:01
2427,A*01:01
2428,A*01:01
2429,A*11:01
2430,B*08:01
2431,A*11:01
2432,A*02:01
2433,A*02:01
2434,A*02:01
2435,B*08:01
2436,B*35:01
2437,A*02:01
2438,A*01:01
2439,A*02:01
2440,B*08:01
2441,A*02:01
2442,A*02:01
2443,A*02:01
2444,A*01:01
2445,B*08:01
2446,A*02:01
2447,A*02:01
2448,A*02:01
2449,A*01:01
2450,A*01:01
2451,A*01:01
2452,A*02:01
2453,A*01:01
2454,A*02:01
2455,A*01:01
2456,A*02:01
2457,A*01:01
2458,B*08:01
2459,A*01:01
2460,A*01:01
2461,A*01:01
2462,A*01:01
2463,B*07:02
2464,B*08:01
2465,A*02:01
2466,B*35:01
2467,B*35:01
2468,A*02:01
2469,B*35:01
2470,A*02:01
2471,B*07:02
2472,A*02:01
2473,A*01:01
2474,B*07:02
2475,B*07:02
2476,A*11:01
2477,A*01:01
2478,A*01:01
2479,A*02:01
2480,A*02:01
2481,B*08:01
2482,A*02:01
2483,B*07:02
2484,A*02:01
2485,A*01:01
2486,A*01:01
2487,B*35:01
2488,B*08:01
2489,A*01:01
2490,B*35:01
2491,B*07:02
2492,B*35:01
2493,A*01:01
2494,B*07:02
2495,B*35:01
2496,A*02:01
2497,A*02:01
2498,A*02:01
2499,A*01:01
2500,A*02:01
2501,A*01:01
2502,B*35:01
2503,B*08:01
2504,A*02:01
2505,A*01:01
2506,A*01:01
2507,A*02:01
2508,B*35:01
2509,A*02:01
2510,A*02:01
2511,B*08:01
2512,B*35:01
2513,B*35:01
2514,A*02:01
2515,B*08:01
2516,A*02:01
2517,A*01:01
2518,A*01:01
2519,B*08:01
2520,A*02:01
2521,A*01:01
2522,A*02:01
2523,B*08:01
2524,A*01:01
2525,A*02:01
2526,B*08:01
2527,B*35:01
2528,A*02:01
2529,A*02:01
2530,B*35:01
2531,B*08:01
2532,A*11:01
2533,A*01:01
2534,A*02:01
2535,A*02:01
2536,A*02:01
2537,B*07:02
2538,A*02:01
2539,B*07:02
2540,A*02:01
2541,A*01:01
2542,B*08:01
2543,A*02:01
2544,B*08:01
2545,B*35:01
2546,A*02:01
2547,B*35:01
2548,A*01:01
2549,B*08:01
2550,B*08:01
2551,A*02:01
2552,A*02:01
2553,B*07:02
2554,A*02:01
2555,B*08:01
2556,A*02:01
2557,A*02:01
2558,A*01:01
2559,B*07:02
2560,A*01:01
2561,B*08:01
2562,B*07:02
2563,A*01:01
2564,B*08:01
2565,A*01:01
2566,B*08:01
2567,A*01:01
2568,A*02:01
2569,A*02:01
2570,B*07:02
2571,A*02:01
2572,A*01:01
2573,A*01:01
2574,B*35:01
2575,A*02:01
2576,B*35:01
2577,B*35:01
2578,A*02:01
2579,A*01:01
2580,B*07:02
2581,A*11:01
2582,B*35:01
2583,A*11:01
2584,B*35:01
2585,A*02:01
2586,B*07:02
2587,A*01:01
2588,A*01:01
2589,A*02:01
2590,A*01:01
2591,A*02:01
2592,A*02:01
2593,A*02:01
2594,A*02:01
2595,A*01:01
2596,B*35:01
2597,A*01:01
2598,A*02:01
2599,B*35:01
2600,B*08:01
2601,A*02:01
2602,A*01:01
2603,B*35:01
2604,A*01:01
2605,A*01:01
2606,A*01:01
2607,B*35:01
2608,B*07:02
2609,A*02:01
2610,A*01:01
2611,A*02:01
2612,A*01:01
2613,A*01:01
2614,A*02:01
2615,A*02:01
2616,A*02:01
2617,B*07:02
2618,A*01:01
2619,A*02:01
2620,A*01:01
2621,A*02:01
2622,A*01:01
2623,A*02:01
2624,B*08:01
2625,A*02:01
2626,B*08:01
2627,A*02:01
2628,A*02:01
2629,A*01:01
2630,A*01:01
2631,A*02:01
2632,A*01:01
2633,A*01:01
2634,A*02:01
2635,A*02:01
2636,A*01:01
2637,A*02:01
2638,B*08:01
2639,A*02:01
2640,A*01:01
2641,A*02:01
2642,A*02:01
2643,A*01:01
2644,A*11:01
2645,A*02:01
2646,A*02:01
2647,A*02:01
2648,A*02:01
2649,A*02:01
2650,A*01:01
2651,A*01:01
2652,A*02:01
2653,A*02:01
2654,A*01:01
2655,A*02:01
2656,A*02:01
2657,B*08:01
2658,A*02:01
2659,A*02:01
2660,B*35:01
2661,A*02:01
2662,A*01:01
2663,B*35:01
2664,A*01:01
2665,A*11:01
2666,A*02:01
2667,A*02:01
2668,A*02:01
2669,A*01:01
2670,B*35:01
2671,B*08:01
2672,A*02:01
2673,B*07:02
2674,A*02:01
2675,A*01:01
2676,B*07:02
2677,A*02:01
2678,B*08:01
2679,B*07:02
2680,A*01:01
2681,A*02:01
2682,A*02:01
2683,A*02:01
2684,A*01:01
2685,B*08:01
2686,A*01:01
2687,A*01:01
2688,A*11:01
2689,A*01:01
2690,B*08:01
2691,A*02:01
2692,A*02:01
2693,B*08:01
2694,A*01:01
2695,A*02:01
2696,B*35:01
2697,A*02:01
2698,A*01:01
2699,B*07:02
2700,B*08:01
2701,A*01:01
2702,A*02:01
2703,A*01:01
2704,A*02:01
2705,A*02:01
2706,A*01:01
2707,B*35:01
2708,B*07:02
2709,B*08:01
2710,B*35:01
2711,A*01:01
2712,A*01:01
2713,A*02:01
2714,A*02:01
2715,B*08:01
2716,A*02:01
2717,A*01:01
2718,A*02:01
2719,A*01:01
2720,A*02:01
2721,B*08:01
2722,A*02:01
2723,B*08:01
2724,A*01:01
2725,A*01:01
2726,A*01:01
2727,A*02:01
2728,B*08:01
2729,B*08:01
2730,A*02:01
2731,A*02:01
2732,A*02:01
2733,B*35:01
2734,A*11:01
2735,A*01:01
2736,B*08:01
2737,A*01:01
2738,A*01:01
2739,A*01:01
2740,A*01:01
2741,A*01:01
2742,B*07:02
2743,B*07:02
2744,B*08:01
2745,A*01:01
2746,A*02:01
2747,B*07:02
2748,A*02:01
2749,A*01:01
2750,A*01:01
2751,A*02:01
2752,A*02:01
2753,A*02:01
2754,B*07:02
2755,B*07:02
2756,A*02:01
2757,B*35:01
2758,A*01:01
2759,A*01:01
2760,A*02:01
2761,A*01:01
2762,B*07:02
2763,B*07:02
2764,A*02:01
2765,A*01:01
2766,A*02:01
2767,A*01:01
2768,B*07:02
2769,A*02:01
2770,A*02:01
2771,B*08:01
2772,B*07:02
2773,B*07:02
2774,B*35:01
2775,B*08:01
2776,A*02:01
2777,A*02:01
2778,A*01:01
2779,B*08:01
2780,A*02:01
2781,A*01:01
2782,A*02:01
2783,A*02:01
2784,B*08:01
2785,A*01:01
2786,A*02:01
2787,A*01:01
2788,B*07:02
2789,A*02:01
2790,A*01:01
2791,B*07:02
2792,B*08:01
2793,A*01:01
2794,B*07:02
2795,A*01:01
2796,A*02:01
2797,B*35:01
2798,B*35:01
2799,B*35:01
2800,B*08:01
2801,A*01:01
2802,A*02:01
2803,A*02:01
2804,A*02:01
2805,A*02:01
2806,A*11:01
2807,A*02:01
2808,B*08:01
2809,A*02:01
2810,A*02:01
2811,A*02:01
2812,A*02:01
2813,B*35:01
2814,A*02:01
2815,B*08:01
2816,B*35:01
2817,B*08:01
2818,A*01:01
2819,B*08:01
2820,A*02:01
2821,A*01:01
2822,A*02:01
2823,B*08:01
2824,B*07:02
2825,A*01:01
2826,A*02:01
2827,A*01:01
2828,A*02:01
2829,A*01:01
2830,A*01:01
2831,B*35:01
2832,A*01:01
2833,A*02:01
2834,A*02:01
2835,A*02:01
2836,B*08:01
2837,A*01:01
2838,B*07:02
2839,B*08:01
2840,A*02:01
2841,B*08:01
2842,A*01:01
2843,B*35:01
2844,B*08:01
2845,B*08:01
2846,B*08:01
2847,B*07:02
2848,B*08:01
2849,B*35:01
2850,B*07:02
2851,B*35:01
2852,A*01:01
2853,A*01:01
2854,A*02:01
2855,A*02:01
2856,B*35:01
2857,A*02:01
2858,B*08:01
2859,B*08:01
2860,A*02:01
2861,A*02:01
2862,B*07:02
2863,B*35:01
2864,A*02:01
2865,B*35:01
2866,A*02:01
2867,B*08:01
2868,B*35:01
2869,A*02:01
2870,A*02:01
2871,A*02:01
2872,A*02:01
2873,A*02:01
2874,A*01:01
2875,A*02:01
2876,A*01:01
2877,B*35:01
2878,A*01:01
2879,B*07:02
2880,B*07:02
2881,A*02:01
2882,B*08:01
2883,B*07:02
2884,A*02:01
2885,B*08:01
2886,A*01:01
2887,A*02:01
2888,A*02:01
2889,A*02:01
2890,A*01:01
2891,A*11:01
2892,A*01:01
2893,A*02:01
2894,A*11:01
2895,A*01:01
2896,A*01:01
2897,B*35:01
2898,B*35:01
2899,A*01:01
2900,B*35:01
2901,A*01:01
2902,A*02:01
2903,A*01:01
2904,A*01:01
2905,A*02:01
2906,B*08:01
2907,B*35:01
2908,B*35:01
2909,B*08:01
2910,B*08:01
2911,A*02:01
2912,B*08:01
2913,A*01:01
2914,B*35:01
2915,B*35:01
2916,A*01:01
2917,B*08:01
2918,A*01:01
2919,B*35:01
2920,A*01:01
2921,A*01:01
2922,A*01:01
2923,A*02:01
2924,A*02:01
2925,A*01:01
2926,B*08:01
2927,A*01:01
2928,B*07:02
2929,A*11:01
2930,B*08:01
2931,B*35:01
2932,B*35:01
2933,A*02:01
2934,A*01:01
2935,A*01:01
2936,A*02:01
2937,B*07:02
2938,B*07:02
2939,A*01:01
2940,A*01:01
2941,A*01:01
2942,A*01:01
2943,A*01:01
2944,A*02:01
2945,A*02:01
2946,A*01:01
2947,B*08:01
2948,A*01:01
2949,A*02:01
2950,A*02:01
2951,A*01:01
2952,A*02:01
2953,B*08:01
2954,A*01:01
2955,A*01:01
2956,A*01:01
2957,A*01:01
2958,A*02:01
2959,A*02:01
2960,A*01:01
2961,A*02:01
2962,A*01:01
2963,B*08:01
2964,B*35:01
2965,A*01:01
2966,A*02:01
2967,A*02:01
2968,A*02:01
2969,A*02:01
2970,B*35:01
2971,A*02:01
2972,B*35:01
2973,A*02:01
2974,B*08:01
2975,B*08:01
2976,A*02:01
2977,A*01:01
2978,B*35:01
2979,A*02:01
2980,A*02:01
2981,B*08:01
2982,A*02:01
2983,A*02:01
2984,A*01:01
2985,A*01:01
2986,A*01:01
2987,B*07:02
2988,A*01:01
2989,A*02:01
2990,A*02:01
2991,B*35:01
2992,A*01:01
2993,A*01:01
2994,A*02:01
2995,B*08:01
2996,A*02:01
2997,B*07:02
2998,A*02:01
2999,A*01:01
3000,A*11:01
3001,A*01:01
3002,A*01:01
3003,A*02:01
3004,A*01:01
3005,A*02:01
3006,A*02:01
3007,A*02:01
3008,A*02:01
3009,A*01:01
3010,A*01:01
3011,B*07:02
3012,A*02:01
3013,A*02:01
3014,B*08:01
3015,B*08:01
3016,A*02:01
3017,A*01:01
3018,B*35:01
3019,A*01:01
3020,A*01:01
3021,A*02:01
3022,A*02:01
3023,A*02:01
3024,A*02:01
3025,B*08:01
3026,A*01:01
3027,A*02:01
3028,A*01:01
3029,A*01:01
3030,A*01:01
3031,A*02:01
3032,B*35:01
3033,A*01:01
3034,A*02:01
3035,A*02:01
3036,A*01:01
3037,A*02:01
3038,A*01:01
3039,A*01:01
3040,A*01:01
3041,A*02:01
3042,A*02:01
3043,A*11:01
3044,A*01:01
3045,B*08:01
3046,A*02:01
3047,B*35:01
3048,A*01:01
3049,A*01:01
3050,A*01:01
3051,A*02:01
3052,B*08:01
3053,A*01:01
3054,A*02:01
3055,B*08:01
3056,B*08:01
3057,B*08:01
3058,A*02:01
3059,A*02:01
3060,A*01:01
3061,A*02:01
3062,A*01:01
3063,A*01:01
3064,A*02:01
3065,B*35:01
3066,B*08:01
3067,A*02:01
3068,B*07:02
3069,B*07:02
3070,B*35:01
3071,B*08:01
3072,B*08:01
3073,B*07:02
3074,A*02:01
3075,B*35:01
3076,A*01:01
3077,B*08:01
3078,B*08:01
3079,B*07:02
3080,A*02:01
3081,A*01:01
3082,B*35:01
3083,A*01:01
3084,A*02:01
3085,B*08:01
3086,A*02:01
3087,A*02:01
3088,A*02:01
3089,B*08:01
3090,A*02:01
3091,A*01:01
3092,A*02:01
3093,B*07:02
3094,B*35:01
3095,B*08:01
3096,B*35:01
3097,A*01:01
3098,A*02:01
3099,B*07:02
3100,B*08:01
3101,B*08:01
3102,A*02:01
3103,B*35:01
3104,A*01:01
3105,B*35:01
3106,A*02:01
3107,A*02:01
3108,B*08:01
3109,A*02:01
3110,A*01:01
3111,A*02:01
3112,A*02:01
3113,A*02:01
3114,B*08:01
3115,A*02:01
3116,A*02:01
3117,A*01:01
3118,B*35:01
3119,A*02:01
3120,B*35:01
3121,A*11:01
3122,A*02:01
3123,A*02:01
3124,B*35:01
3125,A*02:01
3126,B*35:01
3127,A*01:01
3128,A*02:01
3129,A*01:01
3130,B*35:01
3131,A*02:01
3132,A*02:01
3133,A*02:01
3134,A*02:01
3135,B*08:01
3136,A*02:01
3137,A*02:01
3138,B*08:01
3139,B*08:01
3140,B*35:01
3141,B*08:01
3142,A*01:01
3143,A*02:01
3144,A*01:01
3145,B*08:01
3146,A*02:01
3147,A*01:01
3148,A*01:01
3149,A*02:01
3150,B*08:01
3151,B*07:02
3152,B*07:02
3153,B*08:01
3154,A*01:01
3155,A*02:01
3156,A*02:01
3157,A*02:01
3158,A*01:01
3159,B*08:01
3160,A*02:01
3161,A*02:01
3162,A*02:01
3163,A*01:01
3164,A*02:01
3165,B*07:02
3166,A*01:01
3167,A*02:01
3168,A*02:01
3169,B*08:01
3170,A*02:01
3171,A*01:01
3172,A*02:01
3173,B*35:01
3174,A*02:01
3175,B*07:02
3176,B*08:01
3177,A*02:01
3178,B*08:01
3179,B*07:02
3180,A*01:01
3181,B*07:02
3182,B*08:01
3183,A*11:01
3184,A*01:01
3185,A*02:01
3186,A*01:01
3187,A*02:01
3188,A*02:01
3189,A*02:01
3190,B*08:01
3191,A*01:01
3192,A*01:01
3193,A*01:01
3194,B*08:01
3195,A*01:01
3196,A*02:01
3197,A*02:01
3198,A*02:01
3199,B*07:02
3200,A*11:01
3201,B*08:01
3202,B*08:01
3203,B*08:01
3204,A*01:01
3205,B*07:02
3206,A*01:01
3207,A*02:01
3208,A*02:01
3209,B*08:01
3210,B*07:02
3211,A*01:01
3212,A*02:01
3213,A*02:01
3214,B*08:01
3215,A*01:01
3216,B*35:01
3217,B*07:02
3218,A*01:01
3219,A*02:01
3220,A*02:01
3221,A*02:01
3222,A*01:01
3223,A*01:01
3224,A*02:01
3225,B*08:01
3226,B*08:01
3227,A*02:01
3228,B*08:01
3229,A*01:01
3230,B*08:01
3231,B*08:01
3232,A*02:01
3233,A*02:01
3234,A*01:01
3235,B*35:01
3236,A*01:01
3237,A*02:01
3238,A*01:01
3239,A*02:01
3240,A*02:01
3241,B*08:01
3242,A*01:01
3243,B*08:01
3244,A*01:01
3245,A*02:01
3246,A*01:01
3247,A*01:01
3248,B*07:02
3249,A*02:01
3250,A*02:01
3251,A*01:01
3252,B*07:02
3253,A*02:01
3254,A*02:01
3255,B*08:01
3256,B*08:01
3257,A*01:01
3258,A*02:01
3259,A*01:01
3260,B*35:01
3261,A*01:01
3262,A*01:01
3263,B*08:01
3264,A*02:01
3265,B*35:01
3266,B*08:01
3267,B*07:02
3268,A*02:01
3269,A*01:01
3270,A*02:01
3271,B*35:01
3272,A*02:01
3273,A*01:01
3274,B*35:01
3275,A*02:01
3276,A*01:01
3277,B*35:01
3278,A*02:01
3279,B*08:01
3280,A*02:01
3281,A*01:01
3282,A*01:01
3283,A*02:01
3284,A*01:01
3285,B*35:01
3286,A*01:01
3287,A*02:01
3288,B*08:01
3289,A*02:01
3290,A*02:01
3291,A*01:01
3292,A*01:01
3293,A*02:01
3294,B*08:01
3295,B*08:01
3296,A*02:01
3297,A*02:01
3298,A*01:01
3299,A*01:01
3300,B*08:01
3301,B*07:02
3302,B*35:01
3303,A*01:01
3304,A*01:01
3305,A*02:01
3306,B*08:01
3307,A*01:01
3308,A*01:01
3309,A*02:01
3310,A*02:01
3311,A*02:01
3312,A*01:01
3313,A*02:01
3314,A*02:01
3315,B*07:02
3316,A*02:01
3317,A*01:01
3318,A*01:01
3319,B*35:01
3320,B*08:01
3321,A*01:01
3322,B*35:01
3323,B*08:01
3324,A*01:01
3325,A*02:01
3326,A*01:01
3327,A*02:01
3328,A*02:01
3329,B*08:01
3330,B*08:01
3331,A*02:01
3332,A*02:01
3333,B*35:01
3334,A*01:01
3335,A*02:01
3336,A*11:01
3337,A*02:01
3338,A*01:01
3339,B*35:01
3340,A*01:01
3341,B*35:01
3342,A*02:01
3343,B*35:01
3344,A*02:01
3345,A*02:01
3346,A*02:01
3347,A*02:01
3348,A*02:01
3349,A*01:01
3350,A*02:01
3351,A*01:01
3352,B*08:01
3353,A*01:01
3354,A*02:01
3355,A*01:01
3356,A*02:01
3357,A*01:01
3358,A*02:01
3359,A*02:01
3360,A*01:01
3361,A*02:01
3362,A*01:01
3363,A*01:01
3364,A*01:01
3365,A*02:01
3366,B*35:01
3367,B*07:02
3368,A*02:01
3369,B*35:01
3370,A*01:01
3371,B*07:02
3372,B*08:01
3373,A*01:01
3374,A*01:01
3375,B*08:01
3376,B*07:02
3377,A*01:01
3378,B*08:01
3379,A*01:01
3380,A*01:01
3381,B*07:02
3382,A*01:01
3383,A*02:01
3384,B*35:01
3385,A*02:01
3386,A*02:01
3387,B*08:01
3388,A*02:01
3389,B*35:01
3390,B*08:01
3391,B*35:01
3392,A*01:01
3393,B*08:01
3394,B*35:01
3395,B*08:01
3396,B*08:01
3397,B*35:01
3398,A*01:01
3399,B*07:02
3400,A*01:01
3401,A*02:01
3402,A*02:01
3403,B*35:01
3404,A*01:01
3405,B*08:01
3406,A*01:01
3407,A*01:01
3408,A*02:01
3409,A*02:01
3410,B*08:01
3411,B*07:02
3412,A*01:01
3413,A*02:01
3414,B*08:01
3415,B*35:01
3416,A*01:01
3417,B*35:01
3418,B*08:01
3419,B*07:02
3420,A*02:01
3421,A*02:01
3422,B*35:01
3423,A*02:01
3424,B*35:01
3425,A*02:01
3426,A*02:01
3427,A*02:01
3428,A*11:01
3429,A*01:01
3430,A*02:01
3431,B*07:02
3432,A*01:01
3433,A*02:01
3434,B*35:01
3435,A*02:01
3436,A*02:01
3437,A*01:01
3438,B*07:02
3439,A*02:01
3440,A*01:01
3441,A*02:01
3442,A*02:01
3443,A*02:01
3444,A*02:01
3445,B*35:01
3446,A*01:01
3447,A*11:01
3448,A*02:01
3449,B*07:02
3450,B*08:01
3451,A*01:01
3452,A*01:01
3453,B*08:01
3454,A*02:01
3455,B*08:01
3456,B*35:01
3457,A*01:01
3458,A*02:01
3459,A*01:01
3460,A*01:01
3461,A*02:01
3462,A*02:01
3463,B*35:01
3464,A*02:01
3465,A*02:01
3466,B*07:02
3467,B*08:01
3468,A*02:01
3469,A*02:01
3470,A*02:01
3471,A*01:01
3472,A*01:01
3473,A*01:01
3474,A*01:01
3475,A*02:01
3476,B*07:02
3477,A*02:01
3478,A*02:01
3479,A*02:01
3480,B*07:02
3481,A*01:01
3482,B*35:01
3483,A*02:01
